County,Race/Ethnicity,Doses_Administered,At_Least_One_Vaccinated,Fully_Vaccinated,Population_Total
Anderson,Asian,181,134,304,385
Anderson,Black,3619,2730,6022,12135
Anderson,Hispanic,1410,1081,2342,10510
Anderson,Other,2224,1705,3761,1959
Anderson,Unknown,1131,863,1938,NA
Anderson,White,9239,7424,15351,33638
Andrews,Asian,36,24,60,103
Andrews,Black,44,39,82,282
Andrews,Hispanic,2506,2141,4634,10590
Andrews,Other,148,108,248,683
Andrews,Unknown,1296,1127,2280,NA
Andrews,White,2151,1899,4006,7461
Angelina,Asian,315,260,564,780
Angelina,Black,3309,2795,5860,13002
Angelina,Hispanic,4894,4093,8682,19700
Angelina,Other,1845,1338,3109,2415
Angelina,Unknown,4156,3574,7601,NA
Angelina,White,13486,11844,24138,51947
Aransas,Asian,210,169,369,449
Aransas,Black,66,51,114,300
Aransas,Hispanic,1764,1437,3056,6560
Aransas,Other,1286,1079,2323,1028
Aransas,Unknown,1253,1095,2330,NA
Aransas,White,7004,5872,12381,15710
Archer,Asian,9,9,17,35
Archer,Black,19,15,28,70
Archer,Hispanic,159,125,257,699
Archer,Other,512,467,963,354
Archer,Unknown,602,558,1149,NA
Archer,White,1872,1716,3341,7550
Armstrong,Asian,4,4,8,1
Armstrong,Black,5,3,6,15
Armstrong,Hispanic,32,26,56,173
Armstrong,Other,66,58,123,47
Armstrong,Unknown,138,126,263,NA
Armstrong,White,360,286,626,1663
Atascosa,Asian,84,74,155,196
Atascosa,Black,75,52,121,441
Atascosa,Hispanic,8426,6729,14613,33163
Atascosa,Other,1590,1214,2667,1791
Atascosa,Unknown,1638,1259,2864,NA
Atascosa,White,5947,5045,10474,16782
Austin,Asian,83,73,147,209
Austin,Black,676,557,1130,2560
Austin,Hispanic,2185,1711,3651,8355
Austin,Other,1170,943,2083,991
Austin,Unknown,968,804,1643,NA
Austin,White,6085,5233,10602,18427
Bailey,Asian,11,9,18,44
Bailey,Black,5,4,8,82
Bailey,Hispanic,673,516,1072,4481
Bailey,Other,50,40,75,389
Bailey,Unknown,1198,1136,2327,NA
Bailey,White,319,252,511,2312
Bandera,Asian,47,38,81,126
Bandera,Black,80,72,145,224
Bandera,Hispanic,984,821,1715,4565
Bandera,Other,625,540,1082,928
Bandera,Unknown,1338,1086,2244,NA
Bandera,White,5060,4436,8938,17738
Bastrop,Asian,342,246,574,642
Bastrop,Black,1079,804,1775,5812
Bastrop,Hispanic,9830,6989,16366,35189
Bastrop,Other,10354,8332,18475,4708
Bastrop,Unknown,5041,3005,7875,NA
Bastrop,White,11019,8473,18482,45358
Baylor,Asian,7,6,12,14
Baylor,Black,10,8,17,89
Baylor,Hispanic,52,43,85,497
Baylor,Other,36,31,65,149
Baylor,Unknown,551,531,1082,NA
Baylor,White,533,480,925,2820
Bee,Asian,87,74,158,180
Bee,Black,634,524,1148,2712
Bee,Hispanic,3772,3099,6651,19316
Bee,Other,1552,1268,2796,985
Bee,Unknown,2975,2642,5602,NA
Bee,White,3303,2908,6017,10034
Bell,Asian,3689,2911,6340,10484
Bell,Black,13302,10174,22283,80677
Bell,Hispanic,16359,12227,27467,92760
Bell,Other,9011,6901,15142,29362
Bell,Unknown,12803,10113,22467,NA
Bell,White,44404,37513,78008,161752
Bexar,Asian,26121,21623,46801,59329
Bexar,Black,34968,27723,60764,148558
Bexar,Hispanic,412673,330653,725969,1215788
Bexar,Other,103018,78739,172795,95629
Bexar,Unknown,79432,59513,136805,NA
Bexar,White,269188,229762,481142,542675
Blanco,Asian,19,14,33,105
Blanco,Black,25,20,43,129
Blanco,Hispanic,665,528,1142,2348
Blanco,Other,328,254,548,453
Blanco,Unknown,365,310,651,NA
Blanco,White,3923,3496,7176,9125
Borden,Asian,1,1,1,1
Borden,Black,1,0,1,6
Borden,Hispanic,24,18,36,117
Borden,Other,17,16,31,35
Borden,Unknown,17,14,31,NA
Borden,White,101,91,178,516
Bosque,Asian,24,17,40,91
Bosque,Black,60,49,99,323
Bosque,Hispanic,654,539,1137,3533
Bosque,Other,497,425,891,599
Bosque,Unknown,1126,909,1991,NA
Bosque,White,4339,3842,7613,14410
Bowie,Asian,517,434,939,1101
Bowie,Black,4197,3357,7028,23299
Bowie,Hispanic,1552,1229,2629,7313
Bowie,Other,1931,1537,3368,4326
Bowie,Unknown,1551,1072,2449,NA
Bowie,White,13320,11388,22997,58870
Brazoria,Asian,14139,12130,25508,25308
Brazoria,Black,21369,17960,37808,53768
Brazoria,Hispanic,36664,30334,64450,118151
Brazoria,Other,24341,20546,43527,13941
Brazoria,Unknown,9704,7884,17135,NA
Brazoria,White,58101,50348,103184,169600
Brazos,Asian,7986,6683,14491,14110
Brazos,Black,6268,5051,10757,24296
Brazos,Hispanic,16891,13522,29676,60075
Brazos,Other,6553,4956,11138,8263
Brazos,Unknown,6041,4018,9599,NA
Brazos,White,52531,44948,94239,126413
Brewster,Asian,38,34,71,138
Brewster,Black,25,14,35,120
Brewster,Hispanic,1606,1316,2779,4159
Brewster,Other,242,186,421,512
Brewster,Unknown,690,577,1215,NA
Brewster,White,1964,1707,3440,4582
Briscoe,Black,9,9,17,50
Briscoe,Hispanic,104,96,194,386
Briscoe,Other,16,12,28,75
Briscoe,Unknown,38,36,74,NA
Briscoe,White,321,297,601,1064
Brooks,Asian,8,7,15,64
Brooks,Black,6,5,11,39
Brooks,Hispanic,2091,1756,3778,6483
Brooks,Other,144,108,245,108
Brooks,Unknown,259,220,477,NA
Brooks,White,783,650,1403,482
Brown,Asian,95,82,149,272
Brown,Black,231,195,373,1364
Brown,Hispanic,1330,1085,2075,8735
Brown,Other,1476,1238,2443,1356
Brown,Unknown,2563,2402,4029,NA
Brown,White,5511,4848,8740,26744
Burleson,Asian,42,34,73,82
Burleson,Black,667,589,1157,2263
Burleson,Hispanic,830,704,1430,3899
Burleson,Other,431,372,767,664
Burleson,Unknown,555,419,852,NA
Burleson,White,4207,3752,7529,11850
Burnet,Asian,188,157,326,413
Burnet,Black,185,139,295,832
Burnet,Hispanic,2048,1538,3357,10874
Burnet,Other,1567,1282,2683,1763
Burnet,Unknown,1779,1460,2986,NA
Burnet,White,13473,11539,23571,35194
Caldwell,Asian,96,70,156,392
Caldwell,Black,525,391,870,2481
Caldwell,Hispanic,5991,4481,9987,23488
Caldwell,Other,1853,1395,3144,1947
Caldwell,Unknown,2692,2038,4393,NA
Caldwell,White,5846,4760,9907,16696
Calhoun,Asian,530,465,921,1111
Calhoun,Black,161,140,280,526
Calhoun,Hispanic,2968,2573,5087,10522
Calhoun,Other,466,373,745,624
Calhoun,Unknown,748,629,1339,NA
Calhoun,White,3453,3106,6028,8889
Callahan,Asian,27,23,45,94
Callahan,Black,6,4,10,208
Callahan,Hispanic,253,193,422,1397
Callahan,Other,138,116,237,542
Callahan,Unknown,748,675,1408,NA
Callahan,White,2712,2378,4681,11937
Cameron,Asian,870,731,1520,2804
Cameron,Black,366,303,642,1594
Cameron,Hispanic,167674,133147,290982,380861
Cameron,Other,8275,6138,13801,6840
Cameron,Unknown,34252,30214,64025,NA
Cameron,White,30011,25134,52550,36381
Camp,Asian,46,33,74,105
Camp,Black,563,457,975,2060
Camp,Hispanic,612,416,1000,3391
Camp,Other,278,219,491,610
Camp,Unknown,403,367,764,NA
Camp,White,2129,1790,3774,7197
Carson,Asian,8,6,14,35
Carson,Black,6,6,10,58
Carson,Hispanic,109,91,197,576
Carson,Other,60,44,99,279
Carson,Unknown,299,275,570,NA
Carson,White,1078,925,1946,5067
Cass,Asian,47,41,86,146
Cass,Black,1063,902,1817,5053
Cass,Hispanic,403,317,699,1431
Cass,Other,659,576,1214,959
Cass,Unknown,528,372,814,NA
Cass,White,4747,4058,8037,22808
Castro,Asian,4,4,8,42
Castro,Black,25,17,40,152
Castro,Hispanic,1267,988,2159,4947
Castro,Other,96,69,162,262
Castro,Unknown,208,176,378,NA
Castro,White,743,642,1348,2316
Chambers,Asian,368,262,608,530
Chambers,Black,1081,788,1829,3394
Chambers,Hispanic,2595,1799,4305,10436
Chambers,Other,863,588,1413,1518
Chambers,Unknown,944,686,1586,NA
Chambers,White,8821,6109,14510,28761
Cherokee,Asian,102,92,175,246
Cherokee,Black,1712,1379,2851,7259
Cherokee,Hispanic,1686,1272,2716,12531
Cherokee,Other,856,595,1394,2434
Cherokee,Unknown,1845,1640,3317,NA
Cherokee,White,7491,6503,13165,31593
Childress,Asian,34,31,61,52
Childress,Black,224,196,349,748
Childress,Hispanic,454,414,753,2318
Childress,Other,325,297,533,242
Childress,Unknown,155,128,282,NA
Childress,White,1631,1508,2865,4046
Clay,Asian,15,14,28,50
Clay,Black,14,13,27,88
Clay,Hispanic,124,104,222,722
Clay,Other,179,156,313,501
Clay,Unknown,523,497,1005,NA
Clay,White,2724,2519,5028,9327
Cochran,Asian,4,3,4,8
Cochran,Black,15,11,22,99
Cochran,Hispanic,397,359,672,1737
Cochran,Other,55,51,99,143
Cochran,Unknown,152,134,269,NA
Cochran,White,227,214,381,961
Coke,Asian,1,1,2,5
Coke,Black,1,1,2,25
Coke,Hispanic,140,123,259,749
Coke,Other,90,73,160,191
Coke,Unknown,40,32,68,NA
Coke,White,789,666,1415,2514
Coleman,Asian,11,11,21,87
Coleman,Black,12,11,21,235
Coleman,Hispanic,151,130,257,1434
Coleman,Other,120,50,159,380
Coleman,Unknown,1054,926,1939,NA
Coleman,White,1011,923,1808,6244
Collin,Asian,110204,92817,198840,167089
Collin,Black,38925,31468,68495,107723
Collin,Hispanic,64181,50843,110898,160636
Collin,Other,57619,45804,101642,45199
Collin,Unknown,35443,28923,62910,NA
Collin,White,244202,210278,441924,570008
Collingsworth,Asian,2,2,4,3
Collingsworth,Black,13,11,22,152
Collingsworth,Hispanic,139,110,218,994
Collingsworth,Other,64,58,122,184
Collingsworth,Unknown,75,57,132,NA
Collingsworth,White,517,469,911,1678
Colorado,Asian,59,49,105,121
Colorado,Black,742,635,1233,2470
Colorado,Hispanic,1570,1336,2573,6589
Colorado,Other,750,589,1266,804
Colorado,Unknown,967,825,1625,NA
Colorado,White,4834,4317,8375,11966
Comal,Asian,1038,817,1789,1957
Comal,Black,1279,1035,2212,3592
Comal,Hispanic,13731,10576,23109,43824
Comal,Other,7001,5239,11625,6121
Comal,Unknown,6858,5106,11534,NA
Comal,White,42706,36327,74709,103953
Comanche,Asian,17,12,27,75
Comanche,Black,5,2,7,62
Comanche,Hispanic,597,512,995,3903
Comanche,Other,158,130,272,502
Comanche,Unknown,1712,1581,3190,NA
Comanche,White,2152,1909,3719,9361
Concho,Asian,3,2,5,47
Concho,Black,11,4,15,37
Concho,Hispanic,277,129,388,947
Concho,Other,59,52,109,74
Concho,Unknown,218,199,406,NA
Concho,White,570,501,1011,1650
Cooke,Asian,150,110,253,377
Cooke,Black,225,180,389,1348
Cooke,Hispanic,1416,973,2264,7807
Cooke,Other,774,572,1304,1803
Cooke,Unknown,2112,1875,3813,NA
Cooke,White,7871,6446,13701,30694
Coryell,Asian,396,307,669,1471
Coryell,Black,2521,1756,4109,12501
Coryell,Hispanic,2040,1515,3432,14349
Coryell,Other,2400,1679,3936,6106
Coryell,Unknown,2127,1616,3695,NA
Coryell,White,11049,8894,19002,43753
Cottle,Black,10,10,19,144
Cottle,Hispanic,78,67,135,339
Cottle,Other,88,78,166,51
Cottle,Unknown,23,22,43,NA
Cottle,White,249,223,430,892
Crane,Asian,6,3,9,20
Crane,Black,6,4,9,127
Crane,Hispanic,727,442,1161,3171
Crane,Other,115,69,183,181
Crane,Unknown,87,62,149,NA
Crane,White,446,310,741,1405
Crockett,Asian,9,8,17,31
Crockett,Black,5,4,9,18
Crockett,Hispanic,606,516,1106,2286
Crockett,Other,151,134,284,159
Crockett,Unknown,52,48,96,NA
Crockett,White,363,316,672,1083
Crosby,Asian,6,4,10,13
Crosby,Black,37,35,69,172
Crosby,Hispanic,781,715,1464,3250
Crosby,Other,126,88,211,231
Crosby,Unknown,292,257,547,NA
Crosby,White,754,701,1430,2230
Culberson,Asian,32,25,57,37
Culberson,Black,1,1,2,34
Culberson,Hispanic,586,527,1111,1582
Culberson,Other,34,30,64,143
Culberson,Unknown,182,175,357,NA
Culberson,White,162,142,296,472
Dallam,Asian,12,11,23,56
Dallam,Black,19,16,32,144
Dallam,Hispanic,926,692,1608,3465
Dallam,Other,242,156,397,354
Dallam,Unknown,834,678,1511,NA
Dallam,White,520,402,894,3478
Dallas,Asian,106412,87377,188282,172416
Dallas,Black,167341,132408,290405,597570
Dallas,Hispanic,368051,276057,619049,1074195
Dallas,Other,108109,78600,181972,102733
Dallas,Unknown,64835,49142,111271,NA
Dallas,White,370279,315243,661321,745508
Dawson,Asian,17,13,29,139
Dawson,Black,222,143,321,673
Dawson,Hispanic,1136,929,1984,7400
Dawson,Other,298,226,423,469
Dawson,Unknown,443,415,849,NA
Dawson,White,1123,922,1909,4378
Deaf Smith,Asian,28,27,52,96
Deaf Smith,Black,30,26,56,215
Deaf Smith,Hispanic,3131,2512,5182,13761
Deaf Smith,Other,244,189,418,678
Deaf Smith,Unknown,695,602,1261,NA
Deaf Smith,White,1344,1194,2438,4306
Delta,Asian,11,8,18,36
Delta,Black,72,53,120,338
Delta,Hispanic,77,58,128,472
Delta,Other,98,84,177,386
Delta,Unknown,209,197,400,NA
Delta,White,893,794,1620,4236
Denton,Asian,52693,44158,94290,84494
Denton,Black,31345,25731,55395,93153
Denton,Hispanic,65690,52481,114498,173905
Denton,Other,39517,31127,69132,40827
Denton,Unknown,19505,15697,33530,NA
Denton,White,221808,188753,399328,511351
DeWitt,Asian,43,37,77,70
DeWitt,Black,418,303,697,1634
DeWitt,Hispanic,1205,1026,2055,7291
DeWitt,Other,855,487,1322,596
DeWitt,Unknown,510,384,880,NA
DeWitt,White,3712,3311,6673,10931
Dickens,Asian,4,3,7,23
Dickens,Black,6,5,11,106
Dickens,Hispanic,77,69,135,671
Dickens,Other,30,23,53,130
Dickens,Unknown,45,36,76,NA
Dickens,White,406,383,735,1365
Dimmit,Asian,34,33,67,65
Dimmit,Black,28,21,48,114
Dimmit,Hispanic,3443,2780,6196,8868
Dimmit,Other,205,153,352,224
Dimmit,Unknown,652,548,1198,NA
Dimmit,White,513,338,836,1034
Donley,Asian,5,5,10,19
Donley,Black,15,12,27,190
Donley,Hispanic,62,45,105,370
Donley,Other,241,209,449,108
Donley,Unknown,112,91,203,NA
Donley,White,605,515,1069,2623
Duval,Asian,17,16,33,40
Duval,Black,56,38,94,114
Duval,Hispanic,3445,2820,5928,9967
Duval,Other,250,172,413,218
Duval,Unknown,535,433,948,NA
Duval,White,1055,865,1860,977
Eastland,Asian,48,40,78,135
Eastland,Black,44,28,69,336
Eastland,Hispanic,533,383,853,3121
Eastland,Other,309,249,466,649
Eastland,Unknown,662,532,1170,NA
Eastland,White,3555,3020,6086,14401
Ector,Asian,884,742,1599,1825
Ector,Black,1392,1109,2409,7361
Ector,Hispanic,16378,12456,28148,103988
Ector,Other,5177,4366,9154,6554
Ector,Unknown,4808,3981,8683,NA
Ector,White,21651,19472,39937,50570
Edwards,Black,1,1,2,10
Edwards,Hispanic,175,152,323,1069
Edwards,Other,20,18,35,82
Edwards,Unknown,64,32,94,NA
Edwards,White,329,290,606,818
El Paso,Asian,3368,2699,5963,9490
El Paso,Black,4299,3198,7194,25877
El Paso,Hispanic,372502,298051,651080,696115
El Paso,Other,11096,8188,18364,28257
El Paso,Unknown,60914,50788,110423,NA
El Paso,White,36335,29503,63685,97247
Ellis,Asian,749,604,1334,1378
Ellis,Black,8534,6891,14988,21380
Ellis,Hispanic,12231,9424,20968,49705
Ellis,Other,4905,3539,8180,7152
Ellis,Unknown,4453,3390,7364,NA
Ellis,White,40050,33369,70706,108813
Erath,Asian,146,123,262,385
Erath,Black,99,75,166,772
Erath,Hispanic,1587,1264,2746,9205
Erath,Other,661,545,1162,1652
Erath,Unknown,1290,1093,2314,NA
Erath,White,7859,6876,14092,31567
Falls,Asian,40,31,71,88
Falls,Black,962,706,1616,3969
Falls,Hispanic,821,662,1448,4158
Falls,Other,489,290,754,722
Falls,Unknown,889,766,1643,NA
Falls,White,2489,1969,4319,8741
Fannin,Asian,63,51,104,264
Fannin,Black,505,364,780,2214
Fannin,Hispanic,836,684,1388,4247
Fannin,Other,579,465,1003,1749
Fannin,Unknown,1574,1429,2891,NA
Fannin,White,6966,6049,11996,27787
Fayette,Asian,50,36,82,99
Fayette,Black,330,257,526,1485
Fayette,Hispanic,1133,823,1779,5450
Fayette,Other,1661,1422,2955,789
Fayette,Unknown,991,768,1704,NA
Fayette,White,5912,4915,9948,17991
Fisher,Asian,1,1,2,15
Fisher,Black,9,7,14,130
Fisher,Hispanic,200,177,351,1080
Fisher,Other,40,22,59,184
Fisher,Unknown,242,224,464,NA
Fisher,White,572,524,997,2535
Floyd,Asian,3,3,5,23
Floyd,Black,25,23,47,191
Floyd,Hispanic,769,695,1398,3366
Floyd,Other,85,63,145,226
Floyd,Unknown,215,197,395,NA
Floyd,White,838,767,1540,2072
Foard,Asian,1,0,1,8
Foard,Black,14,13,25,54
Foard,Hispanic,36,20,51,216
Foard,Other,4,4,8,31
Foard,Unknown,166,138,303,NA
Foard,White,194,162,334,859
Fort Bend,Asian,100241,84426,179946,167664
Fort Bend,Black,62844,50937,109705,165868
Fort Bend,Hispanic,85792,67842,148298,202492
Fort Bend,Other,55050,44315,96883,29712
Fort Bend,Unknown,28205,21207,48115,NA
Fort Bend,White,121921,103361,217843,258729
Franklin,Asian,24,19,40,107
Franklin,Black,96,86,169,414
Franklin,Hispanic,282,200,456,1616
Franklin,Other,138,108,238,426
Franklin,Unknown,443,326,725,NA
Franklin,White,2036,1772,3546,8352
Freestone,Asian,47,37,83,113
Freestone,Black,767,558,1260,3010
Freestone,Hispanic,428,310,684,3169
Freestone,Other,658,423,1059,912
Freestone,Unknown,308,221,493,NA
Freestone,White,3292,2673,5520,13062
Frio,Asian,33,29,60,497
Frio,Black,196,87,281,602
Frio,Hispanic,4078,3322,6793,16216
Frio,Other,698,375,1037,534
Frio,Unknown,701,576,1253,NA
Frio,White,1116,931,1919,2853
Gaines,Asian,17,17,32,74
Gaines,Black,37,35,60,366
Gaines,Hispanic,1185,1019,1968,9142
Gaines,Other,165,116,244,654
Gaines,Unknown,1078,997,2022,NA
Gaines,White,818,720,1414,11687
Galveston,Asian,8200,7217,15105,11442
Galveston,Black,15664,13641,28630,42953
Galveston,Hispanic,30643,26088,55566,86852
Galveston,Other,33224,30367,63024,13118
Galveston,Unknown,6014,4536,10220,NA
Galveston,White,61970,54235,112475,193946
Garza,Asian,19,12,24,26
Garza,Black,55,51,80,389
Garza,Hispanic,1810,1507,2454,3238
Garza,Other,105,83,177,218
Garza,Unknown,62,54,115,NA
Garza,White,681,625,1237,2473
Gillespie,Asian,74,62,129,131
Gillespie,Black,21,18,39,103
Gillespie,Hispanic,1140,873,1945,6429
Gillespie,Other,442,325,730,796
Gillespie,Unknown,2795,2540,5289,NA
Gillespie,White,7487,6533,13456,20007
Glasscock,Asian,2,1,3,2
Glasscock,Hispanic,163,137,290,554
Glasscock,Other,55,46,97,21
Glasscock,Unknown,49,41,90,NA
Glasscock,White,219,195,399,821
Goliad,Asian,11,10,21,32
Goliad,Black,61,51,101,309
Goliad,Hispanic,508,449,898,2744
Goliad,Other,64,49,110,236
Goliad,Unknown,600,532,1123,NA
Goliad,White,1224,1109,2189,4452
Gonzales,Asian,32,27,56,93
Gonzales,Black,318,279,540,1242
Gonzales,Hispanic,2420,2151,4047,10689
Gonzales,Other,457,362,790,764
Gonzales,Unknown,1210,1078,2137,NA
Gonzales,White,2898,2678,5079,8562
Gray,Asian,50,47,93,118
Gray,Black,236,201,373,1121
Gray,Hispanic,906,687,1538,6530
Gray,Other,724,578,1207,1073
Gray,Unknown,994,839,1817,NA
Gray,White,3424,2976,5986,13577
Grayson,Asian,505,416,821,2042
Grayson,Black,1772,1477,2827,7963
Grayson,Hispanic,3851,3053,6265,19370
Grayson,Other,3993,3244,6985,8151
Grayson,Unknown,6781,5856,12112,NA
Grayson,White,27589,23902,46508,101621
Gregg,Asian,677,550,1202,1623
Gregg,Black,6224,5100,10974,25098
Gregg,Hispanic,4700,3671,8125,23824
Gregg,Other,3885,3245,6923,5005
Gregg,Unknown,4423,3693,7997,NA
Gregg,White,20862,18091,37737,70670
Grimes,Asian,73,60,127,101
Grimes,Black,1231,982,2030,4299
Grimes,Hispanic,1638,1259,2758,7132
Grimes,Other,1059,832,1826,1153
Grimes,Unknown,1342,946,2204,NA
Grimes,White,6099,5162,10643,16805
Guadalupe,Asian,1392,1182,2438,3001
Guadalupe,Black,3798,3159,6534,13137
Guadalupe,Hispanic,18810,15181,31344,64251
Guadalupe,Other,5905,4517,9861,8503
Guadalupe,Unknown,8188,6441,13932,NA
Guadalupe,White,29030,25189,49517,82239
Hale,Asian,58,42,97,172
Hale,Black,280,225,430,1617
Hale,Hispanic,4181,3518,7119,20179
Hale,Other,771,591,1180,1338
Hale,Unknown,1374,1196,2543,NA
Hale,White,3079,2709,5376,10988
Hall,Asian,8,7,15,5
Hall,Black,42,37,73,241
Hall,Hispanic,297,247,494,1041
Hall,Other,87,76,158,121
Hall,Unknown,53,44,95,NA
Hall,White,577,521,1034,1629
Hamilton,Asian,17,12,27,59
Hamilton,Black,11,6,16,59
Hamilton,Hispanic,224,174,353,1135
Hamilton,Other,54,51,102,350
Hamilton,Unknown,634,572,1190,NA
Hamilton,White,2257,1942,3765,7056
Hansford,Asian,6,6,12,19
Hansford,Black,2,2,4,36
Hansford,Hispanic,667,599,1063,2660
Hansford,Other,27,23,46,213
Hansford,Unknown,412,387,798,NA
Hansford,White,676,620,1115,2616
Hardeman,Asian,8,8,15,20
Hardeman,Black,38,28,54,192
Hardeman,Hispanic,148,122,229,952
Hardeman,Other,15,13,24,197
Hardeman,Unknown,633,608,1238,NA
Hardeman,White,546,480,877,2670
Hardin,Asian,177,139,306,407
Hardin,Black,745,594,1255,3160
Hardin,Hispanic,648,488,1101,3441
Hardin,Other,1065,846,1871,1620
Hardin,Unknown,1901,1628,3446,NA
Hardin,White,10927,9117,19430,49591
Harris,Asian,187989,158082,333937,335133
Harris,Black,236076,186042,402838,886956
Harris,Hispanic,735460,566509,1244394,2061019
Harris,Other,223172,181133,387237,181177
Harris,Unknown,152415,109059,255001,NA
Harris,White,629050,530533,1112669,1353078
Harrison,Asian,171,141,281,459
Harrison,Black,3316,2801,5626,13735
Harrison,Hispanic,1443,1120,2351,9078
Harrison,Other,1570,1261,2755,2613
Harrison,Unknown,2121,1655,3542,NA
Harrison,White,9523,8284,16480,41951
Hartley,Asian,6,5,11,44
Hartley,Black,70,35,105,377
Hartley,Hispanic,549,379,924,1556
Hartley,Other,256,109,363,144
Hartley,Unknown,625,505,1128,NA
Hartley,White,666,497,1150,3523
Haskell,Asian,15,11,26,49
Haskell,Black,46,35,76,213
Haskell,Hispanic,353,247,568,1619
Haskell,Other,67,52,115,253
Haskell,Unknown,298,276,572,NA
Haskell,White,1144,946,1983,3655
Hays,Asian,2280,1855,4002,3536
Hays,Black,2870,2259,4871,8942
Hays,Hispanic,27681,20896,46672,92274
Hays,Other,10632,8332,17923,10612
Hays,Unknown,16802,13323,28453,NA
Hays,White,52655,44501,92850,120830
Hemphill,Asian,8,7,12,41
Hemphill,Black,1,1,1,15
Hemphill,Hispanic,316,297,488,1307
Hemphill,Other,102,88,179,134
Hemphill,Unknown,190,176,357,NA
Hemphill,White,688,644,1190,2389
Henderson,Asian,238,188,419,516
Henderson,Black,1137,943,1969,5125
Henderson,Hispanic,2288,1793,3900,11218
Henderson,Other,1380,1136,2458,3498
Henderson,Unknown,2637,2251,4564,NA
Henderson,White,17124,14542,30013,64069
Hidalgo,Asian,2672,2163,4707,7945
Hidalgo,Black,1046,730,1706,3625
Hidalgo,Hispanic,355629,288132,625504,803455
Hidalgo,Other,19233,14756,31481,11717
Hidalgo,Unknown,27476,22127,48853,NA
Hidalgo,White,64141,54472,111671,51644
Hill,Asian,104,90,187,200
Hill,Black,433,337,714,2261
Hill,Hispanic,1585,1236,2648,7779
Hill,Other,672,565,1155,1418
Hill,Unknown,1218,971,2051,NA
Hill,White,7524,6623,12851,25665
Hockley,Asian,36,29,61,92
Hockley,Black,140,118,246,789
Hockley,Hispanic,2684,2282,4686,11212
Hockley,Other,499,388,836,751
Hockley,Unknown,1172,1059,2082,NA
Hockley,White,2843,2538,5059,10642
Hood,Asian,241,205,432,501
Hood,Black,122,99,218,624
Hood,Hispanic,1779,1546,3229,7898
Hood,Other,1358,1074,2398,2114
Hood,Unknown,1552,1351,2865,NA
Hood,White,18947,17282,35099,51471
Hopkins,Asian,119,105,221,239
Hopkins,Black,617,528,1104,2618
Hopkins,Hispanic,1351,1071,2294,6467
Hopkins,Other,1145,955,2022,1490
Hopkins,Unknown,806,665,1357,NA
Hopkins,White,6483,5717,11734,26995
Houston,Asian,73,38,108,172
Houston,Black,1556,1007,2361,5637
Houston,Hispanic,714,520,1173,2662
Houston,Other,690,338,963,621
Houston,Unknown,530,423,904,NA
Houston,White,3759,3042,6342,14130
Howard,Asian,81,57,131,361
Howard,Black,118,91,184,2115
Howard,Hispanic,2178,1006,2682,15906
Howard,Other,2328,2109,4386,1650
Howard,Unknown,1093,874,1904,NA
Howard,White,3178,2698,5500,17578
Hudspeth,Asian,10,8,18,50
Hudspeth,Black,27,19,43,149
Hudspeth,Hispanic,1831,1544,3283,3759
Hudspeth,Other,51,41,88,267
Hudspeth,Unknown,178,156,329,NA
Hudspeth,White,526,475,680,838
Hunt,Asian,465,369,785,1380
Hunt,Black,1603,1310,2773,7715
Hunt,Hispanic,3991,2992,6651,17383
Hunt,Other,1762,1333,3017,4890
Hunt,Unknown,3052,2636,5371,NA
Hunt,White,18240,15742,32354,69449
Hutchinson,Asian,42,33,73,141
Hutchinson,Black,91,75,164,524
Hutchinson,Hispanic,1009,803,1760,5038
Hutchinson,Other,427,328,751,1219
Hutchinson,Unknown,781,605,1384,NA
Hutchinson,White,3338,2852,5988,14559
Irion,Asian,1,0,1,8
Irion,Black,3,3,6,16
Irion,Hispanic,104,91,194,393
Irion,Other,100,82,178,61
Irion,Unknown,23,21,41,NA
Irion,White,267,228,483,1088
Jack,Asian,15,12,23,49
Jack,Black,116,40,153,349
Jack,Hispanic,310,231,480,1551
Jack,Other,158,87,241,263
Jack,Unknown,311,267,566,NA
Jack,White,1707,1429,2961,6841
Jackson,Asian,50,43,89,156
Jackson,Black,139,121,256,896
Jackson,Hispanic,763,577,1270,4947
Jackson,Other,259,194,438,559
Jackson,Unknown,2060,1834,3758,NA
Jackson,White,1762,1570,3213,8540
Jasper,Asian,78,67,144,189
Jasper,Black,1240,1102,2210,5588
Jasper,Hispanic,431,363,757,2429
Jasper,Other,386,308,680,1060
Jasper,Unknown,2267,1952,4109,NA
Jasper,White,4937,4443,8915,26599
Jeff Davis,Asian,4,3,7,34
Jeff Davis,Hispanic,346,281,615,735
Jeff Davis,Other,59,45,102,106
Jeff Davis,Unknown,137,129,252,NA
Jeff Davis,White,580,518,1061,1430
Jefferson,Asian,5355,4091,9242,9539
Jefferson,Black,22426,18097,40022,83224
Jefferson,Hispanic,11886,8559,20241,55576
Jefferson,Other,7508,5874,13129,9085
Jefferson,Unknown,9550,7685,17073,NA
Jefferson,White,29861,24844,53785,99026
Jim Hogg,Asian,14,3,17,26
Jim Hogg,Black,3,1,4,33
Jim Hogg,Hispanic,1877,1426,3281,4821
Jim Hogg,Other,153,121,274,100
Jim Hogg,Unknown,180,149,328,NA
Jim Hogg,White,370,327,684,286
Jim Wells,Asian,70,61,125,189
Jim Wells,Black,46,37,78,296
Jim Wells,Hispanic,10166,8541,18209,32413
Jim Wells,Other,614,480,1064,1016
Jim Wells,Unknown,2274,1747,3964,NA
Jim Wells,White,4044,3359,7169,7289
Johnson,Asian,850,712,1516,1572
Johnson,Black,2154,1728,3763,6635
Johnson,Hispanic,8608,6903,15033,39763
Johnson,Other,4293,3183,7272,8048
Johnson,Unknown,4352,3676,7713,NA
Johnson,White,37526,32829,68376,123189
Jones,Asian,35,31,65,113
Jones,Black,569,519,961,2403
Jones,Hispanic,764,576,1174,5626
Jones,Other,889,814,1522,775
Jones,Unknown,808,713,1509,NA
Jones,White,2950,2613,5036,11648
Karnes,Asian,45,36,75,59
Karnes,Black,457,417,862,1302
Karnes,Hispanic,1923,1618,3155,8803
Karnes,Other,711,642,1336,379
Karnes,Unknown,871,707,1535,NA
Karnes,White,2145,1925,3690,5328
Kaufman,Asian,1054,808,1795,1842
Kaufman,Black,5925,4706,10254,18145
Kaufman,Hispanic,9153,6810,15374,31663
Kaufman,Other,3365,2504,5709,5787
Kaufman,Unknown,6223,4744,10769,NA
Kaufman,White,24852,20845,43539,81430
Kendall,Asian,292,246,513,591
Kendall,Black,166,141,300,559
Kendall,Hispanic,3392,2810,5879,11659
Kendall,Other,1891,1473,3214,1760
Kendall,Unknown,2489,1693,4025,NA
Kendall,White,14609,12773,26082,33811
Kenedy,Hispanic,96,79,170,296
Kenedy,Other,5,3,8,19
Kenedy,Unknown,63,61,124,NA
Kenedy,White,20,16,36,82
Kent,Black,1,0,1,7
Kent,Hispanic,22,19,36,149
Kent,Other,2,2,4,49
Kent,Unknown,55,51,106,NA
Kent,White,155,134,266,584
Kerr,Asian,196,158,331,546
Kerr,Black,164,133,276,780
Kerr,Hispanic,2456,1908,4171,14435
Kerr,Other,1199,806,1894,2201
Kerr,Unknown,2119,1828,3827,NA
Kerr,White,13207,11545,23668,35928
Kimble,Asian,7,7,13,36
Kimble,Black,3,2,5,29
Kimble,Hispanic,75,54,125,1081
Kimble,Other,43,38,79,102
Kimble,Unknown,125,87,209,NA
Kimble,White,1313,1092,2283,3142
King,Asian,1,1,2,0
King,Hispanic,13,9,19,46
King,Other,2,0,2,17
King,Unknown,2,2,4,NA
King,White,23,20,40,214
Kinney,Asian,5,3,8,11
Kinney,Black,12,10,22,40
Kinney,Hispanic,441,339,763,2278
Kinney,Other,49,43,90,184
Kinney,Unknown,108,92,198,NA
Kinney,White,661,489,1126,1259
Kleberg,Asian,438,357,790,673
Kleberg,Black,240,189,417,1014
Kleberg,Hispanic,8240,6908,14834,22511
Kleberg,Other,695,525,1206,1064
Kleberg,Unknown,2637,2274,4896,NA
Kleberg,White,2988,2548,5431,6129
Knox,Asian,9,6,14,10
Knox,Black,36,35,58,192
Knox,Hispanic,232,206,401,1276
Knox,Other,64,56,112,185
Knox,Unknown,187,176,359,NA
Knox,White,629,585,1157,2106
La Salle,Asian,13,11,24,27
La Salle,Black,141,117,215,54
La Salle,Hispanic,1361,1126,2335,6542
La Salle,Other,231,184,383,153
La Salle,Unknown,1360,1236,2593,NA
La Salle,White,337,286,579,838
Lamar,Asian,198,166,353,376
Lamar,Black,1388,1185,2459,6560
Lamar,Hispanic,659,537,1133,4210
Lamar,Other,1160,945,2048,3276
Lamar,Unknown,2312,2107,4368,NA
Lamar,White,8726,7773,15650,36638
Lamb,Asian,2,2,4,28
Lamb,Black,152,129,267,445
Lamb,Hispanic,1437,1246,2445,7230
Lamb,Other,289,243,518,597
Lamb,Unknown,1088,980,2040,NA
Lamb,White,1289,1114,2257,5014
Lampasas,Asian,78,63,131,251
Lampasas,Black,150,94,229,768
Lampasas,Hispanic,736,575,1236,4158
Lampasas,Other,1054,888,1824,1284
Lampasas,Unknown,1060,885,1791,NA
Lampasas,White,3895,3247,6633,15511
Lavaca,Asian,54,43,91,100
Lavaca,Black,254,222,416,1170
Lavaca,Hispanic,761,613,1203,3950
Lavaca,Other,415,332,721,554
Lavaca,Unknown,698,516,1148,NA
Lavaca,White,4828,4416,8451,14680
Lee,Asian,26,23,48,83
Lee,Black,483,396,834,1775
Lee,Hispanic,865,635,1406,4217
Lee,Other,739,635,1354,646
Lee,Unknown,757,608,1261,NA
Lee,White,3193,2784,5716,10834
Leon,Asian,61,42,101,106
Leon,Black,356,278,572,1203
Leon,Hispanic,383,289,595,2617
Leon,Other,598,499,1063,535
Leon,Unknown,288,227,495,NA
Leon,White,3600,3099,5994,13196
Liberty,Asian,259,219,452,477
Liberty,Black,2111,1653,3600,7981
Liberty,Hispanic,7094,5255,11728,25209
Liberty,Other,2626,1974,4511,3483
Liberty,Unknown,1747,1279,2909,NA
Liberty,White,11246,8974,19222,53005
Limestone,Asian,87,70,147,166
Limestone,Black,746,596,1248,3924
Limestone,Hispanic,834,641,1300,5296
Limestone,Other,1188,927,2016,893
Limestone,Unknown,536,442,840,NA
Limestone,White,3356,2881,5760,13623
Lipscomb,Asian,5,5,10,22
Lipscomb,Black,1,0,1,30
Lipscomb,Hispanic,174,162,323,1114
Lipscomb,Other,38,31,67,212
Lipscomb,Unknown,186,177,361,NA
Lipscomb,White,406,366,720,1963
Live Oak,Asian,14,13,27,71
Live Oak,Black,13,9,21,504
Live Oak,Hispanic,988,797,1749,4982
Live Oak,Other,224,203,420,373
Live Oak,Unknown,540,471,1005,NA
Live Oak,White,1373,1167,2439,6462
Llano,Asian,49,41,85,115
Llano,Black,31,23,52,208
Llano,Hispanic,522,388,861,2358
Llano,Other,443,378,765,688
Llano,Unknown,1972,1800,3564,NA
Llano,White,6529,5659,11466,18747
Loving,Hispanic,5,4,9,23
Loving,Other,3,3,6,1
Loving,Unknown,4,3,7,NA
Loving,White,21,16,37,137
Lubbock,Asian,4026,3402,7219,6905
Lubbock,Black,4914,3975,8506,21895
Lubbock,Hispanic,27752,23252,48981,112706
Lubbock,Other,9401,7300,15896,12428
Lubbock,Unknown,17024,15066,31933,NA
Lubbock,White,53179,46566,96023,163533
Lynn,Asian,8,7,14,9
Lynn,Black,18,18,36,116
Lynn,Hispanic,691,584,1244,2783
Lynn,Other,97,87,173,282
Lynn,Unknown,282,246,526,NA
Lynn,White,767,666,1365,2970
Madison,Asian,38,31,68,104
Madison,Black,746,633,1282,2750
Madison,Hispanic,784,526,1226,3455
Madison,Other,598,481,1061,549
Madison,Unknown,185,136,282,NA
Madison,White,2191,1906,3789,7725
Marion,Asian,17,12,28,91
Marion,Black,582,496,1012,2023
Marion,Hispanic,95,72,157,447
Marion,Other,264,227,478,486
Marion,Unknown,349,298,629,NA
Marion,White,1673,1466,2872,6992
Martin,Asian,2,2,4,27
Martin,Black,7,7,12,105
Martin,Hispanic,449,334,742,2749
Martin,Other,67,53,113,209
Martin,Unknown,436,322,753,NA
Martin,White,509,425,877,2818
Mason,Asian,1,1,2,13
Mason,Black,3,2,5,18
Mason,Hispanic,164,132,293,1087
Mason,Other,131,126,255,118
Mason,Unknown,134,120,250,NA
Mason,White,1249,1132,2288,3109
Matagorda,Asian,449,371,803,633
Matagorda,Black,1074,888,1897,3787
Matagorda,Hispanic,4100,3230,7045,15854
Matagorda,Other,1582,1140,2658,1462
Matagorda,Unknown,721,455,1133,NA
Matagorda,White,5450,4660,9699,15849
Maverick,Asian,52,32,83,334
Maverick,Black,21,12,31,173
Maverick,Hispanic,24146,15631,37462,55854
Maverick,Other,1686,1243,2820,1583
Maverick,Unknown,2984,2010,4891,NA
Maverick,White,4106,2478,6250,1577
McCulloch,Asian,14,10,23,55
McCulloch,Black,33,27,59,153
McCulloch,Hispanic,318,229,531,2638
McCulloch,Other,46,40,85,332
McCulloch,Unknown,117,77,184,NA
McCulloch,White,1747,1473,3058,4996
McLennan,Asian,2479,2039,4316,4138
McLennan,Black,8291,6805,14154,35755
McLennan,Hispanic,15154,12363,25921,69246
McLennan,Other,6517,5090,10945,10620
McLennan,Unknown,10090,8089,17865,NA
McLennan,White,51087,43469,88597,142240
McMullen,Hispanic,77,68,136,313
McMullen,Other,36,35,70,40
McMullen,Unknown,47,42,88,NA
McMullen,White,98,90,163,400
Medina,Asian,119,104,209,339
Medina,Black,392,297,647,1340
Medina,Hispanic,7178,6036,12386,27158
Medina,Other,2275,1743,3808,1836
Medina,Unknown,2299,1924,4102,NA
Medina,White,8359,7421,14555,22037
Menard,Asian,1,1,2,4
Menard,Black,7,7,14,30
Menard,Hispanic,91,76,163,791
Menard,Other,14,12,26,76
Menard,Unknown,42,37,75,NA
Menard,White,704,666,1244,1281
Midland,Asian,1393,1162,2518,3780
Midland,Black,2449,2085,4399,10915
Midland,Hispanic,19121,15612,34101,81342
Midland,Other,3798,3037,6620,6519
Midland,Unknown,5874,4682,10461,NA
Midland,White,23744,21074,43751,77834
Milam,Asian,73,63,134,224
Milam,Black,522,434,919,2121
Milam,Hispanic,1325,1118,2380,6660
Milam,Other,477,392,837,942
Milam,Unknown,892,731,1598,NA
Milam,White,4881,4364,8916,15397
Mills,Asian,10,9,16,15
Mills,Black,3,1,4,43
Mills,Hispanic,124,97,215,890
Mills,Other,60,55,111,148
Mills,Unknown,418,317,721,NA
Mills,White,1049,924,1886,3858
Mitchell,Asian,19,18,35,42
Mitchell,Black,178,153,313,888
Mitchell,Hispanic,517,453,946,3471
Mitchell,Other,379,311,669,501
Mitchell,Unknown,244,222,463,NA
Mitchell,White,953,827,1725,3974
Montague,Asian,41,39,71,77
Montague,Black,12,9,17,132
Montague,Hispanic,441,327,699,2214
Montague,Other,257,205,450,860
Montague,Unknown,892,808,1667,NA
Montague,White,3934,3382,6860,16934
Montgomery,Asian,10376,8272,18188,19039
Montgomery,Black,10372,8031,17742,32465
Montgomery,Hispanic,54842,40445,91519,152837
Montgomery,Other,25037,19294,42730,23094
Montgomery,Unknown,15975,11594,26489,NA
Montgomery,White,136285,112218,239855,391093
Moore,Asian,171,93,259,1258
Moore,Black,93,43,132,760
Moore,Hispanic,3974,3146,6991,11994
Moore,Other,605,442,1037,873
Moore,Unknown,1056,901,1945,NA
Moore,White,1862,1512,3278,6576
Morris,Asian,19,17,32,74
Morris,Black,730,610,1233,2680
Morris,Hispanic,267,201,442,1322
Morris,Other,259,228,470,652
Morris,Unknown,343,263,592,NA
Morris,White,2196,1882,3743,7891
Motley,Black,5,4,9,29
Motley,Hispanic,32,15,44,231
Motley,Other,118,57,175,49
Motley,Unknown,16,15,31,NA
Motley,White,192,129,313,915
Nacogdoches,Asian,425,362,732,791
Nacogdoches,Black,2752,2219,4365,11485
Nacogdoches,Hispanic,3060,2192,4680,13046
Nacogdoches,Other,1112,770,1791,2358
Nacogdoches,Unknown,2850,2475,5223,NA
Nacogdoches,White,12040,10299,19935,38631
Navarro,Asian,214,177,387,300
Navarro,Black,1448,1204,2550,6310
Navarro,Hispanic,3231,2575,5694,14303
Navarro,Other,1456,992,2383,2846
Navarro,Unknown,2528,2109,4598,NA
Navarro,White,8352,7256,15134,27400
Newton,Asian,20,14,34,76
Newton,Black,526,465,966,2663
Newton,Hispanic,43,34,72,534
Newton,Other,73,60,130,520
Newton,Unknown,489,418,886,NA
Newton,White,1346,1199,2463,9968
Nolan,Asian,50,43,86,88
Nolan,Black,121,116,192,637
Nolan,Hispanic,1188,1078,1878,5753
Nolan,Other,323,276,552,622
Nolan,Unknown,482,375,821,NA
Nolan,White,2629,2438,4360,7957
Nueces,Asian,3917,3286,6963,7396
Nueces,Black,3747,3027,6501,12575
Nueces,Hispanic,72775,59287,128135,233647
Nueces,Other,9605,7556,16437,12083
Nueces,Unknown,18426,16122,34262,NA
Nueces,White,46956,39859,83540,103942
Ochiltree,Asian,13,10,22,40
Ochiltree,Black,2,2,4,62
Ochiltree,Hispanic,1348,1207,2441,5451
Ochiltree,Other,97,73,164,415
Ochiltree,Unknown,539,519,1058,NA
Ochiltree,White,1021,902,1822,4112
Oldham,Asian,17,9,26,30
Oldham,Black,4,4,8,69
Oldham,Hispanic,74,62,123,362
Oldham,Other,24,20,44,101
Oldham,Unknown,117,111,227,NA
Oldham,White,319,274,574,1602
Orange,Asian,477,355,821,945
Orange,Black,1594,1259,2668,7147
Orange,Hispanic,1212,848,2008,7074
Orange,Other,1582,1314,2829,2813
Orange,Unknown,2310,1826,4000,NA
Orange,White,14000,11518,24483,66534
Palo Pinto,Asian,82,61,142,268
Palo Pinto,Black,123,105,219,663
Palo Pinto,Hispanic,1107,855,1828,5884
Palo Pinto,Other,521,403,900,1133
Palo Pinto,Unknown,861,778,1598,NA
Palo Pinto,White,5605,4927,10026,21785
Panola,Asian,43,32,67,196
Panola,Black,756,614,1193,3586
Panola,Hispanic,329,228,511,2107
Panola,Other,413,347,730,916
Panola,Unknown,531,415,901,NA
Panola,White,3155,2678,5279,16874
Parker,Asian,550,460,975,883
Parker,Black,472,402,835,2113
Parker,Hispanic,3691,3004,6385,18607
Parker,Other,2994,2457,5271,5448
Parker,Unknown,5735,5197,10710,NA
Parker,White,34803,30593,62724,118054
Parmer,Asian,8,5,13,59
Parmer,Black,9,8,14,101
Parmer,Hispanic,1014,868,1673,6218
Parmer,Other,60,44,99,385
Parmer,Unknown,1429,1329,2752,NA
Parmer,White,473,428,836,3161
Pecos,Asian,62,45,104,167
Pecos,Black,215,69,235,615
Pecos,Hispanic,3601,3072,6438,10924
Pecos,Other,622,187,704,523
Pecos,Unknown,1304,1087,2230,NA
Pecos,White,1181,807,1823,3924
Polk,Asian,136,117,242,408
Polk,Black,1500,1245,2657,4949
Polk,Hispanic,1441,1152,2453,7975
Polk,Other,1396,1144,2500,2515
Polk,Unknown,1563,1363,2824,NA
Polk,White,10077,8742,17821,36394
Potter,Asian,1496,1140,2612,6572
Potter,Black,2159,1688,3696,11840
Potter,Hispanic,10166,7492,17270,45866
Potter,Other,3641,2551,6016,5183
Potter,Unknown,6033,4984,10964,NA
Potter,White,15011,12541,26646,50752
Presidio,Asian,21,16,36,200
Presidio,Black,6,4,8,64
Presidio,Hispanic,3550,2877,6403,5494
Presidio,Other,114,86,198,260
Presidio,Unknown,425,383,786,NA
Presidio,White,990,899,1698,863
Rains,Asian,23,18,40,101
Rains,Black,58,43,100,310
Rains,Hispanic,199,143,328,1179
Rains,Other,315,283,588,485
Rains,Unknown,268,232,472,NA
Rains,White,2464,2137,4411,10615
Randall,Asian,954,737,1630,2289
Randall,Black,854,699,1492,4268
Randall,Hispanic,6258,4924,10724,31772
Randall,Other,2798,2048,4646,5623
Randall,Unknown,9015,8036,16934,NA
Randall,White,28044,24025,50062,96360
Reagan,Asian,5,3,8,16
Reagan,Black,10,8,16,96
Reagan,Hispanic,523,456,851,2718
Reagan,Other,265,247,442,204
Reagan,Unknown,125,117,240,NA
Reagan,White,159,142,288,969
Real,Asian,3,3,6,9
Real,Black,6,6,12,31
Real,Hispanic,81,74,145,961
Real,Other,107,96,200,184
Real,Unknown,87,60,142,NA
Real,White,1047,967,1972,2361
Red River,Asian,15,14,24,38
Red River,Black,445,398,702,1935
Red River,Hispanic,138,105,228,840
Red River,Other,166,138,265,564
Red River,Unknown,860,813,1660,NA
Red River,White,1840,1658,3173,8867
Reeves,Asian,50,45,94,230
Reeves,Black,32,24,55,776
Reeves,Hispanic,2548,2136,4611,11926
Reeves,Other,68,64,132,416
Reeves,Unknown,2223,2128,4332,NA
Reeves,White,354,295,633,2904
Refugio,Asian,13,11,24,51
Refugio,Black,120,108,223,364
Refugio,Hispanic,985,865,1800,3516
Refugio,Other,71,58,124,263
Refugio,Unknown,656,594,1245,NA
Refugio,White,995,875,1813,2905
Roberts,Hispanic,10,8,17,94
Roberts,Other,5,3,7,44
Roberts,Unknown,30,28,58,NA
Roberts,White,147,138,271,736
Robertson,Asian,56,39,89,136
Robertson,Black,874,716,1403,3255
Robertson,Hispanic,798,632,1319,3736
Robertson,Other,398,319,690,620
Robertson,Unknown,359,284,587,NA
Robertson,White,3280,2859,5645,9658
Rockwall,Asian,1826,1469,3194,3225
Rockwall,Black,2963,2322,5126,7412
Rockwall,Hispanic,6785,5016,11270,19542
Rockwall,Other,3794,2706,6332,4060
Rockwall,Unknown,3378,2824,6064,NA
Rockwall,White,28762,23750,50341,72354
Runnels,Asian,16,15,29,121
Runnels,Black,32,28,54,208
Runnels,Hispanic,802,712,1410,3572
Runnels,Other,183,148,321,384
Runnels,Unknown,391,349,721,NA
Runnels,White,1953,1805,3538,6217
Rusk,Asian,104,86,178,295
Rusk,Black,2238,1921,3759,9283
Rusk,Hispanic,1442,1079,2377,9524
Rusk,Other,1455,1167,2475,2012
Rusk,Unknown,1265,1065,2253,NA
Rusk,White,8190,7095,14224,34256
Sabine,Asian,15,12,21,41
Sabine,Black,146,131,261,710
Sabine,Hispanic,75,64,127,514
Sabine,Other,308,286,589,379
Sabine,Unknown,483,432,909,NA
Sabine,White,2083,1919,3753,9025
San Augustine,Asian,10,9,18,24
San Augustine,Black,562,498,1019,1737
San Augustine,Hispanic,105,81,180,636
San Augustine,Other,194,140,328,298
San Augustine,Unknown,302,238,530,NA
San Augustine,White,1578,1385,2866,5691
San Jacinto,Asian,40,33,67,149
San Jacinto,Black,688,568,1127,2610
San Jacinto,Hispanic,709,561,1192,3981
San Jacinto,Other,583,504,1062,1250
San Jacinto,Unknown,587,480,1013,NA
San Jacinto,White,4638,4000,7957,21428
San Patricio,Asian,455,361,786,689
San Patricio,Black,276,218,447,1004
San Patricio,Hispanic,11218,9067,19496,39028
San Patricio,Other,1817,1451,3116,2253
San Patricio,Unknown,2583,2177,4707,NA
San Patricio,White,10508,8765,18168,25122
San Saba,Asian,9,5,13,38
San Saba,Black,33,17,50,218
San Saba,Hispanic,271,192,456,1855
San Saba,Other,416,345,754,270
San Saba,Unknown,123,102,210,NA
San Saba,White,804,668,1402,3836
Schleicher,Asian,2,2,4,10
Schleicher,Black,11,11,20,35
Schleicher,Hispanic,320,284,588,1525
Schleicher,Other,25,19,44,125
Schleicher,Unknown,205,184,367,NA
Schleicher,White,372,345,700,1198
Scurry,Asian,36,23,57,89
Scurry,Black,195,168,307,785
Scurry,Hispanic,1537,1248,2609,6823
Scurry,Other,402,315,608,674
Scurry,Unknown,490,383,859,NA
Scurry,White,2939,2587,5077,8745
Shackelford,Asian,5,1,5,15
Shackelford,Black,2,2,4,34
Shackelford,Hispanic,86,78,158,369
Shackelford,Other,27,23,47,114
Shackelford,Unknown,100,88,184,NA
Shackelford,White,748,645,1363,2782
Shelby,Asian,101,82,170,313
Shelby,Black,900,776,1537,4342
Shelby,Hispanic,561,388,858,4729
Shelby,Other,422,357,769,811
Shelby,Unknown,616,430,993,NA
Shelby,White,3312,2847,5665,15489
Sherman,Asian,1,1,2,12
Sherman,Black,4,4,8,40
Sherman,Hispanic,352,264,568,1337
Sherman,Other,36,14,49,94
Sherman,Unknown,193,175,368,NA
Sherman,White,304,235,512,1598
Smith,Asian,1896,1558,3398,3665
Smith,Black,11235,9646,20487,40165
Smith,Hispanic,9084,7182,15900,46746
Smith,Other,4512,3641,8000,7994
Smith,Unknown,13266,11468,24356,NA
Smith,White,39171,34315,71474,137671
Somervell,Asian,38,30,68,66
Somervell,Black,10,8,17,94
Somervell,Hispanic,302,266,514,1653
Somervell,Other,225,171,386,468
Somervell,Unknown,208,183,382,NA
Somervell,White,2260,2063,4026,7098
Starr,Asian,34,30,61,109
Starr,Black,16,9,23,78
Starr,Hispanic,31622,27192,53775,62276
Starr,Other,2063,1690,3591,574
Starr,Unknown,2293,1999,4079,NA
Starr,White,2532,2111,4278,2102
Stephens,Asian,34,24,55,72
Stephens,Black,74,63,121,252
Stephens,Hispanic,370,315,603,2287
Stephens,Other,187,151,326,317
Stephens,Unknown,330,286,584,NA
Stephens,White,1552,1411,2648,6590
Sterling,Asian,1,0,1,2
Sterling,Black,1,0,1,24
Sterling,Hispanic,120,99,216,527
Sterling,Other,64,53,117,61
Sterling,Unknown,29,10,39,NA
Sterling,White,156,129,282,705
Stonewall,Asian,8,8,14,17
Stonewall,Black,3,3,4,40
Stonewall,Hispanic,57,48,96,242
Stonewall,Other,8,7,14,65
Stonewall,Unknown,88,82,170,NA
Stonewall,White,297,270,521,1021
Sutton,Asian,14,12,25,8
Sutton,Black,2,2,4,16
Sutton,Hispanic,657,577,1223,2409
Sutton,Other,79,61,136,104
Sutton,Unknown,113,102,209,NA
Sutton,White,454,412,855,1324
Swisher,Asian,10,8,17,31
Swisher,Black,100,84,135,570
Swisher,Hispanic,618,533,996,3336
Swisher,Other,159,98,191,353
Swisher,Unknown,351,306,650,NA
Swisher,White,966,828,1565,3315
Tarrant,Asian,70135,58468,125652,118294
Tarrant,Black,99170,80700,175387,357639
Tarrant,Hispanic,160735,123458,274164,619710
Tarrant,Other,78584,61136,135823,96759
Tarrant,Unknown,48632,38374,84088,NA
Tarrant,White,430774,377736,788295,953162
Taylor,Asian,980,769,1708,3014
Taylor,Black,1958,1566,3374,10277
Taylor,Hispanic,6546,5320,11441,34471
Taylor,Other,2859,2237,4862,7013
Taylor,Unknown,10175,9127,19224,NA
Taylor,White,24115,21032,43415,86509
Terrell,Black,3,1,4,8
Terrell,Hispanic,167,146,311,399
Terrell,Other,34,30,64,54
Terrell,Unknown,40,23,60,NA
Terrell,White,116,98,203,335
Terry,Asian,14,11,25,45
Terry,Black,63,45,98,495
Terry,Hispanic,1203,1038,2057,6905
Terry,Other,235,169,367,434
Terry,Unknown,1486,1359,2733,NA
Terry,White,1007,877,1737,4734
Throckmorton,Asian,1,1,2,8
Throckmorton,Black,1,0,1,13
Throckmorton,Hispanic,35,31,64,215
Throckmorton,Other,23,21,43,50
Throckmorton,Unknown,52,47,97,NA
Throckmorton,White,430,392,808,1236
Titus,Asian,126,89,210,337
Titus,Black,753,601,1306,2934
Titus,Hispanic,2923,2008,4768,14436
Titus,Other,740,618,1342,1576
Titus,Unknown,992,819,1782,NA
Titus,White,4054,3407,7168,14533
Tom Green,Asian,526,463,953,1462
Tom Green,Black,1039,898,1891,4316
Tom Green,Hispanic,12765,11255,23474,48534
Tom Green,Other,1611,1337,2829,5290
Tom Green,Unknown,2271,1885,3994,NA
Tom Green,White,23076,20663,42890,62425
Travis,Asian,57848,48178,102849,91682
Travis,Black,26091,20470,44370,102257
Travis,Hispanic,145869,112575,250552,428571
Travis,Other,95965,76707,166233,62652
Travis,Unknown,64087,49981,108857,NA
Travis,White,334231,285188,595182,622339
Trinity,Asian,18,16,30,64
Trinity,Black,351,291,598,1290
Trinity,Hispanic,285,204,467,1564
Trinity,Other,687,573,1216,544
Trinity,Unknown,690,611,1267,NA
Trinity,White,2777,2353,4799,11416
Tyler,Asian,39,32,66,128
Tyler,Black,706,598,1241,2302
Tyler,Hispanic,226,190,401,1790
Tyler,Other,493,383,858,657
Tyler,Unknown,678,603,1260,NA
Tyler,White,3685,3263,6714,17005
Upshur,Asian,70,58,125,185
Upshur,Black,846,718,1461,3205
Upshur,Hispanic,561,453,960,3787
Upshur,Other,843,712,1524,1771
Upshur,Unknown,1113,921,1971,NA
Upshur,White,6542,5723,11568,33509
Upton,Asian,3,3,6,11
Upton,Black,9,7,16,82
Upton,Hispanic,420,360,777,1988
Upton,Other,100,89,189,193
Upton,Unknown,351,313,663,NA
Upton,White,335,252,582,1494
Uvalde,Asian,77,66,138,174
Uvalde,Black,27,24,47,178
Uvalde,Hispanic,4730,4077,8495,19445
Uvalde,Other,406,332,719,761
Uvalde,Unknown,1155,858,1975,NA
Uvalde,White,4168,3637,7516,6736
Val Verde,Asian,91,74,146,335
Val Verde,Black,109,70,162,668
Val Verde,Hispanic,16423,11746,26269,40339
Val Verde,Other,1147,674,1801,1473
Val Verde,Unknown,1651,1135,2665,NA
Val Verde,White,4074,2986,6764,7210
Van Zandt,Asian,103,80,174,272
Van Zandt,Black,439,378,770,1548
Van Zandt,Hispanic,1105,854,1852,6599
Van Zandt,Other,846,704,1520,2163
Van Zandt,Unknown,2057,1689,3587,NA
Van Zandt,White,10862,9512,19058,46905
Victoria,Asian,612,524,1106,1160
Victoria,Black,1504,1320,2760,5292
Victoria,Hispanic,9826,8451,17804,44052
Victoria,Other,1638,1206,2765,2908
Victoria,Unknown,5084,4412,9345,NA
Victoria,White,14157,12507,25976,40404
Walker,Asian,406,308,681,762
Walker,Black,4957,3456,8016,16823
Walker,Hispanic,3095,2325,4972,13195
Walker,Other,3640,2353,5814,2350
Walker,Unknown,1612,1280,2771,NA
Walker,White,13493,10616,22552,40969
Waller,Asian,505,404,880,686
Waller,Black,2338,1885,4043,13005
Waller,Hispanic,4320,3289,7223,17152
Waller,Other,1572,1182,2682,2101
Waller,Unknown,860,649,1472,NA
Waller,White,7617,6416,13392,23506
Ward,Asian,36,28,63,49
Ward,Black,74,65,130,484
Ward,Hispanic,1887,1601,3309,6618
Ward,Other,277,254,518,575
Ward,Unknown,421,381,799,NA
Ward,White,1115,969,1984,4611
Washington,Asian,294,224,513,574
Washington,Black,1379,1124,2406,6072
Washington,Hispanic,1339,1076,2334,6008
Washington,Other,2447,2087,4481,934
Washington,Unknown,1069,884,1915,NA
Washington,White,7985,6911,14468,22739
Webb,Asian,524,453,924,1343
Webb,Black,142,106,225,879
Webb,Hispanic,113285,88483,192425,263898
Webb,Other,9082,7088,14894,3532
Webb,Unknown,23401,20059,43170,NA
Webb,White,21571,17795,36790,10048
Wharton,Asian,109,82,188,200
Wharton,Black,1431,1157,2453,5208
Wharton,Hispanic,4528,3453,7599,17702
Wharton,Other,1933,1590,3416,1015
Wharton,Unknown,1134,924,1899,NA
Wharton,White,6542,5632,11280,18073
Wheeler,Asian,17,15,29,41
Wheeler,Black,8,8,15,136
Wheeler,Hispanic,187,139,285,1273
Wheeler,Other,79,65,143,221
Wheeler,Unknown,340,296,635,NA
Wheeler,White,849,771,1458,3494
Wichita,Asian,1119,926,1953,2655
Wichita,Black,2838,2373,4654,13784
Wichita,Hispanic,4800,3959,8166,26220
Wichita,Other,3918,3240,6675,7076
Wichita,Unknown,8030,7239,14912,NA
Wichita,White,24390,22023,43099,85406
Wilbarger,Asian,156,132,269,385
Wilbarger,Black,206,183,347,947
Wilbarger,Hispanic,785,702,1256,3806
Wilbarger,Other,120,77,179,654
Wilbarger,Unknown,1452,1343,2748,NA
Wilbarger,White,2162,2049,3704,7265
Willacy,Asian,21,16,37,140
Willacy,Black,77,11,87,409
Willacy,Hispanic,7567,6035,13358,18908
Willacy,Other,540,299,829,344
Willacy,Unknown,684,556,1232,NA
Willacy,White,1132,886,1961,1820
Williamson,Asian,30195,24312,53104,46076
Williamson,Black,12602,9965,21499,39330
Williamson,Hispanic,47235,36651,81153,146602
Williamson,Other,42946,33311,74229,28973
Williamson,Unknown,28784,22020,48378,NA
Williamson,White,152652,128877,269094,342586
Wilson,Asian,114,94,191,255
Wilson,Black,216,178,370,758
Wilson,Hispanic,5315,4473,9192,20522
Wilson,Other,1749,1337,2890,1680
Wilson,Unknown,2524,1973,4391,NA
Wilson,White,9421,8126,16272,28834
Winkler,Asian,23,23,39,50
Winkler,Black,34,29,59,169
Winkler,Hispanic,965,804,1666,4954
Winkler,Other,78,66,137,296
Winkler,Unknown,629,567,1163,NA
Winkler,White,580,517,1003,2719
Wise,Asian,195,154,337,401
Wise,Black,216,164,362,926
Wise,Hispanic,2868,2331,4928,13965
Wise,Other,1132,851,1939,2790
Wise,Unknown,2674,2497,5073,NA
Wise,White,13229,11722,23338,53207
Wood,Asian,107,92,185,252
Wood,Black,574,467,983,2357
Wood,Hispanic,828,658,1383,4714
Wood,Other,1137,948,2045,1606
Wood,Unknown,1831,1609,3342,NA
Wood,White,10760,9599,18769,37327
Yoakum,Asian,11,9,19,42
Yoakum,Black,9,7,14,84
Yoakum,Hispanic,1335,1128,2167,5883
Yoakum,Other,96,59,152,309
Yoakum,Unknown,659,596,1205,NA
Yoakum,White,658,574,1087,2589
Young,Asian,31,27,54,109
Young,Black,40,36,71,244
Young,Hispanic,726,650,1240,3485
Young,Other,1255,1076,2227,663
Young,Unknown,553,497,1009,NA
Young,White,2847,2598,4928,13853
Zapata,Asian,7,7,14,24
Zapata,Black,3,1,3,42
Zapata,Hispanic,5088,4267,8581,13429
Zapata,Other,673,512,1176,138
Zapata,Unknown,675,628,1294,NA
Zapata,White,529,402,902,649
Zavala,Asian,11,9,20,16
Zavala,Black,14,11,23,68
Zavala,Hispanic,3435,2875,6261,11135
Zavala,Other,260,208,467,265
Zavala,Unknown,444,349,786,NA
Zavala,White,515,409,894,577
