County,Age_Group,Doses_Administered,At_Least_One_Vaccinated,Fully_Vaccinated,Population_Total
Anderson,16-49 years,3725,2708,1305,28862
Anderson,50-64 years,4624,3037,1959,10525
Anderson,65-79 years,5777,3553,2626,6824
Anderson,80+ years,1644,983,757,1834
Anderson,Unknown,2,2,0,NA
Andrews,16-49 years,4589,2558,2102,8732
Andrews,50-64 years,3154,1740,1498,2938
Andrews,65-79 years,2010,1082,957,1401
Andrews,80+ years,651,360,300,432
Angelina,16-49 years,10939,7388,4156,36593
Angelina,50-64 years,11900,7482,4937,16041
Angelina,65-79 years,13064,7417,5923,10861
Angelina,80+ years,4122,2312,1898,3561
Angelina,Unknown,15,11,4,NA
Aransas,16-49 years,3069,1919,1295,7746
Aransas,50-64 years,5191,3036,2337,5266
Aransas,65-79 years,7617,4253,3541,5258
Aransas,80+ years,2186,1215,1013,1533
Aransas,Unknown,4,2,2,NA
Archer,16-49 years,1456,948,687,3239
Archer,50-64 years,1566,892,775,2005
Archer,65-79 years,1614,876,790,1287
Archer,80+ years,496,269,242,390
Armstrong,16-49 years,216,133,92,669
Armstrong,50-64 years,254,153,107,360
Armstrong,65-79 years,401,224,185,353
Armstrong,80+ years,116,66,50,117
Armstrong,Unknown,1,1,0,NA
Atascosa,16-49 years,7393,4954,2771,22350
Atascosa,50-64 years,7061,4377,2954,8813
Atascosa,65-79 years,6247,3654,2768,5915
Atascosa,80+ years,1532,912,657,1690
Atascosa,Unknown,6,5,2,NA
Austin,16-49 years,5011,3602,1825,11654
Austin,50-64 years,5072,3277,2183,6117
Austin,65-79 years,6363,3645,3011,4700
Austin,80+ years,1774,1033,813,1233
Austin,Unknown,7,6,1,NA
Bailey,16-49 years,1339,810,637,2921
Bailey,50-64 years,1115,618,536,1132
Bailey,65-79 years,941,510,464,756
Bailey,80+ years,362,198,175,280
Bailey,Unknown,3,2,1,NA
Bandera,16-49 years,2219,1503,871,7303
Bandera,50-64 years,3421,2170,1474,6021
Bandera,65-79 years,4941,2866,2305,5209
Bandera,80+ years,1199,707,548,1230
Bandera,Unknown,8,7,1,NA
Bastrop,16-49 years,18037,12614,6100,37059
Bastrop,50-64 years,15833,10009,6279,17915
Bastrop,65-79 years,13257,8179,5407,11197
Bastrop,80+ years,3046,1879,1266,2668
Bastrop,Unknown,9,9,0,NA
Baylor,16-49 years,982,624,388,1258
Baylor,50-64 years,542,300,269,691
Baylor,65-79 years,864,461,427,587
Baylor,80+ years,270,142,134,257
Baylor,Unknown,2,1,1,NA
Bee,16-49 years,6090,3687,2557,17288
Bee,50-64 years,5423,3067,2471,5117
Bee,65-79 years,4571,2456,2192,3109
Bee,80+ years,1291,700,618,982
Bee,Unknown,9,9,0,NA
Bell,16-49 years,45053,30635,16555,178468
Bell,50-64 years,33520,21286,13955,53967
Bell,65-79 years,34180,19438,15843,31590
Bell,80+ years,9748,5596,4447,8944
Bell,Unknown,34,31,4,NA
Bexar,16-49 years,566568,369288,215969,980564
Bexar,50-64 years,327943,197860,138969,324416
Bexar,65-79 years,247368,139722,111399,191056
Bexar,80+ years,61896,36097,26749,56787
Bexar,Unknown,382,343,47,NA
Blanco,16-49 years,1505,1083,521,4114
Blanco,50-64 years,2309,1464,945,2974
Blanco,65-79 years,3466,1924,1617,2410
Blanco,80+ years,781,430,371,594
Blanco,Unknown,2,2,0,NA
Borden,16-49 years,95,63,55,227
Borden,50-64 years,74,47,38,142
Borden,65-79 years,96,53,50,116
Borden,80+ years,22,11,11,58
Bosque,16-49 years,2001,1275,832,6536
Bosque,50-64 years,2962,1796,1384,3947
Bosque,65-79 years,4073,2294,1955,3595
Bosque,80+ years,1305,724,627,1146
Bosque,Unknown,2,2,1,NA
Bowie,16-49 years,8191,5218,3731,40715
Bowie,50-64 years,9239,5579,4420,17142
Bowie,65-79 years,11112,6364,5246,11985
Bowie,80+ years,3754,2132,1749,3847
Bowie,Unknown,15,13,6,NA
Brazoria,16-49 years,97341,61840,40038,175461
Brazoria,50-64 years,65038,38806,29153,66470
Brazoria,65-79 years,50737,28047,23778,36273
Brazoria,80+ years,13197,7240,6196,9479
Brazoria,Unknown,35,29,7,NA
Brazos,16-49 years,67940,46783,23311,135960
Brazos,50-64 years,29237,17452,13148,29190
Brazos,65-79 years,25217,14044,11729,16689
Brazos,80+ years,7825,4425,3498,5004
Brazos,Unknown,33,30,4,NA
Brewster,16-49 years,2608,1604,1169,3702
Brewster,50-64 years,2050,1191,982,1773
Brewster,65-79 years,2221,1236,1078,1714
Brewster,80+ years,509,298,239,517
Brewster,Unknown,12,9,3,NA
Briscoe,16-49 years,168,92,81,561
Briscoe,50-64 years,213,117,100,307
Briscoe,65-79 years,373,197,182,294
Briscoe,80+ years,132,70,64,110
Brooks,16-49 years,1861,1068,818,2866
Brooks,50-64 years,1556,865,705,1143
Brooks,65-79 years,1469,787,694,957
Brooks,80+ years,457,252,208,351
Brooks,Unknown,1,1,0,NA
Brown,16-49 years,3484,2441,1917,15735
Brown,50-64 years,4044,2764,2430,7428
Brown,65-79 years,5766,3475,3072,5810
Brown,80+ years,1919,1126,958,1910
Brown,Unknown,10,8,5,NA
Burleson,16-49 years,1844,1255,707,6866
Burleson,50-64 years,3028,1882,1338,4136
Burleson,65-79 years,3625,2063,1731,2898
Burleson,80+ years,1051,598,496,969
Burleson,Unknown,4,4,0,NA
Burnet,16-49 years,4632,3384,1722,17928
Burnet,50-64 years,6376,4311,2550,10312
Burnet,65-79 years,10437,6074,4704,8570
Burnet,80+ years,3472,2012,1547,2429
Burnet,Unknown,4,4,2,NA
Caldwell,16-49 years,6917,4923,2560,20348
Caldwell,50-64 years,6162,4046,2604,7993
Caldwell,65-79 years,5917,3513,2715,5029
Caldwell,80+ years,1655,995,753,1483
Caldwell,Unknown,9,7,3,NA
Calhoun,16-49 years,3649,2607,1491,8762
Calhoun,50-64 years,3961,2468,1863,4074
Calhoun,65-79 years,3845,2198,1880,3034
Calhoun,80+ years,1196,668,571,947
Calhoun,Unknown,10,6,4,NA
Callahan,16-49 years,1322,797,592,5337
Callahan,50-64 years,1747,1025,847,2968
Callahan,65-79 years,2271,1278,1146,2225
Callahan,80+ years,716,404,345,733
Cameron,16-49 years,145231,97831,53180,189346
Cameron,50-64 years,81760,50185,34633,63736
Cameron,65-79 years,66784,37725,30678,43588
Cameron,80+ years,17833,10248,8118,15019
Cameron,Unknown,209,173,43,NA
Camp,16-49 years,1240,839,445,5115
Camp,50-64 years,1530,981,607,2422
Camp,65-79 years,2138,1227,970,1917
Camp,80+ years,724,416,325,577
Camp,Unknown,3,2,1,NA
Carson,16-49 years,558,336,235,2280
Carson,50-64 years,767,438,357,1188
Carson,65-79 years,891,477,423,945
Carson,80+ years,311,173,142,305
Carson,Unknown,1,1,0,NA
Cass,16-49 years,1760,1193,752,11115
Cass,50-64 years,3283,2068,1552,6211
Cass,65-79 years,4454,2631,2145,5177
Cass,80+ years,1441,851,675,1679
Cass,Unknown,2,1,1,NA
Castro,16-49 years,1090,723,438,3095
Castro,50-64 years,953,562,412,1276
Castro,65-79 years,1071,584,505,885
Castro,80+ years,452,241,214,351
Castro,Unknown,2,2,0,NA
Chambers,16-49 years,6582,4543,2182,20349
Chambers,50-64 years,5659,3709,2117,7454
Chambers,65-79 years,5261,3138,2208,4278
Chambers,80+ years,1176,663,528,981
Chambers,Unknown,16,15,1,NA
Cherokee,16-49 years,4373,2871,1810,21976
Cherokee,50-64 years,5469,3369,2508,9456
Cherokee,65-79 years,7036,3978,3384,7298
Cherokee,80+ years,2053,1172,973,2146
Cherokee,Unknown,17,13,4,NA
Childress,16-49 years,1096,642,567,3865
Childress,50-64 years,999,583,522,1064
Childress,65-79 years,1100,612,564,865
Childress,80+ years,395,216,190,300
Childress,Unknown,5,3,2,NA
Clay,16-49 years,1099,657,499,3765
Clay,50-64 years,1861,1048,901,2417
Clay,65-79 years,2326,1237,1140,1887
Clay,80+ years,654,352,316,597
Clay,Unknown,2,2,0,NA
Cochran,16-49 years,1767,1181,647,1199
Cochran,50-64 years,689,437,311,521
Cochran,65-79 years,388,221,194,330
Cochran,80+ years,129,75,66,138
Cochran,Unknown,4,2,2,NA
Coke,16-49 years,279,175,112,1150
Coke,50-64 years,525,302,240,659
Coke,65-79 years,677,369,318,701
Coke,80+ years,265,156,110,246
Coleman,16-49 years,560,334,250,2753
Coleman,50-64 years,990,576,476,1849
Coleman,65-79 years,1647,915,793,1606
Coleman,80+ years,584,339,261,513
Coleman,Unknown,1,1,0,NA
Collin,16-49 years,353817,232425,131841,496845
Collin,50-64 years,212047,125467,91927,188296
Collin,65-79 years,140607,76850,65362,93373
Collin,80+ years,35450,19701,16131,23202
Collin,Unknown,210,166,45,NA
Collingsworth,16-49 years,277,171,145,1153
Collingsworth,50-64 years,400,237,201,555
Collingsworth,65-79 years,498,278,243,409
Collingsworth,80+ years,193,101,92,146
Collingsworth,Unknown,3,3,0,NA
Colorado,16-49 years,2432,1814,1008,7881
Colorado,50-64 years,3557,2330,1718,4376
Colorado,65-79 years,4877,2802,2417,3609
Colorado,80+ years,1648,955,791,1241
Colorado,Unknown,2,2,0,NA
Comal,16-49 years,30286,20373,11997,63692
Comal,50-64 years,27984,17688,11955,33087
Comal,65-79 years,30840,17664,14161,22780
Comal,80+ years,7122,4261,3100,5748
Comal,Unknown,27,21,10,NA
Comanche,16-49 years,1384,878,663,4822
Comanche,50-64 years,2097,1240,1048,2792
Comanche,65-79 years,2915,1603,1438,2486
Comanche,80+ years,1045,567,506,844
Comanche,Unknown,3,3,0,NA
Concho,16-49 years,287,178,128,957
Concho,50-64 years,432,250,211,642
Concho,65-79 years,654,357,314,510
Concho,80+ years,212,120,98,179
Cooke,16-49 years,3146,2119,1235,16550
Cooke,50-64 years,4564,2937,1840,8321
Cooke,65-79 years,6176,3653,2684,6013
Cooke,80+ years,2037,1190,879,1791
Cooke,Unknown,7,5,2,NA
Coryell,16-49 years,7321,5007,2662,42041
Coryell,50-64 years,6336,3974,2637,10347
Coryell,65-79 years,6691,3769,3125,6348
Coryell,80+ years,2013,1103,930,1692
Coryell,Unknown,17,17,0,NA
Cottle,16-49 years,113,68,51,501
Cottle,50-64 years,257,148,131,283
Cottle,65-79 years,283,154,142,254
Cottle,80+ years,101,57,50,85
Crane,16-49 years,795,504,300,2129
Crane,50-64 years,611,385,236,831
Crane,65-79 years,491,295,196,422
Crane,80+ years,134,77,57,172
Crockett,16-49 years,431,246,196,1381
Crockett,50-64 years,584,338,257,701
Crockett,65-79 years,653,361,295,483
Crockett,80+ years,163,86,77,129
Crosby,16-49 years,869,507,389,2285
Crosby,50-64 years,1090,618,484,1051
Crosby,65-79 years,1065,567,506,786
Crosby,80+ years,371,196,176,299
Culberson,16-49 years,560,337,225,826
Culberson,50-64 years,520,299,226,440
Culberson,65-79 years,473,255,218,339
Culberson,80+ years,94,49,45,141
Dallam,16-49 years,2156,1298,886,3212
Dallam,50-64 years,977,570,421,1148
Dallam,65-79 years,685,384,306,672
Dallam,80+ years,261,147,114,185
Dallam,Unknown,5,4,1,NA
Dallas,16-49 years,720895,477280,273859,1289222
Dallas,50-64 years,437232,267219,183310,446766
Dallas,65-79 years,306193,175025,135761,228505
Dallas,80+ years,81025,46994,35107,63612
Dallas,Unknown,317,258,68,NA
Dawson,16-49 years,947,606,405,5917
Dawson,50-64 years,1212,728,544,1974
Dawson,65-79 years,1445,801,668,1402
Dawson,80+ years,505,282,229,496
Dawson,Unknown,7,6,1,NA
Deaf Smith,16-49 years,2472,1598,1078,8160
Deaf Smith,50-64 years,2402,1457,1127,2856
Deaf Smith,65-79 years,2129,1219,1016,1800
Deaf Smith,80+ years,734,411,342,623
Deaf Smith,Unknown,4,4,1,NA
Delta,16-49 years,413,253,177,2008
Delta,50-64 years,509,298,232,1096
Delta,65-79 years,913,502,437,882
Delta,80+ years,272,146,132,236
Delta,Unknown,3,3,0,NA
Denton,16-49 years,284441,181003,112291,443041
Denton,50-64 years,174570,100399,78549,160790
Denton,65-79 years,115491,62773,54194,76333
Denton,80+ years,25383,14097,11647,17166
Denton,Unknown,54,43,13,NA
DeWitt,16-49 years,1893,1249,842,8040
DeWitt,50-64 years,2986,1804,1401,4035
DeWitt,65-79 years,3687,2034,1761,2911
DeWitt,80+ years,1174,648,567,1124
DeWitt,Unknown,5,4,1,NA
Dickens,16-49 years,162,102,77,943
Dickens,50-64 years,260,152,134,390
Dickens,65-79 years,412,226,204,398
Dickens,80+ years,130,70,61,127
Dickens,Unknown,1,1,0,NA
Dimmit,16-49 years,3121,1902,1238,4216
Dimmit,50-64 years,2184,1232,960,1574
Dimmit,65-79 years,1882,1030,857,1293
Dimmit,80+ years,451,243,209,456
Dimmit,Unknown,8,8,0,NA
Donley,16-49 years,307,201,119,1286
Donley,50-64 years,465,294,191,626
Donley,65-79 years,671,377,306,607
Donley,80+ years,255,143,114,197
Donley,Unknown,1,1,0,NA
Duval,16-49 years,2663,1653,1167,4737
Duval,50-64 years,2459,1447,1132,1832
Duval,65-79 years,2103,1184,1007,1495
Duval,80+ years,697,407,338,536
Duval,Unknown,9,9,1,NA
Eastland,16-49 years,1616,1017,749,7221
Eastland,50-64 years,2198,1359,1073,3695
Eastland,65-79 years,2993,1761,1423,3003
Eastland,80+ years,1121,643,510,1051
Eastland,Unknown,5,4,2,NA
Ector,16-49 years,33183,19508,14558,80817
Ector,50-64 years,23529,13186,10907,24109
Ector,65-79 years,15970,8688,7561,12309
Ector,80+ years,4215,2330,1964,3661
Ector,Unknown,28,23,6,NA
Edwards,16-49 years,197,129,72,616
Edwards,50-64 years,280,162,123,378
Edwards,65-79 years,415,225,197,429
Edwards,80+ years,114,59,56,132
El Paso,16-49 years,289828,196485,104257,402156
El Paso,50-64 years,169688,103703,71046,132849
El Paso,65-79 years,124367,70192,56302,78489
El Paso,80+ years,38036,21105,17428,26686
El Paso,Unknown,406,319,104,NA
Ellis,16-49 years,35194,23350,13471,82968
Ellis,50-64 years,30639,18817,13203,34409
Ellis,65-79 years,27321,15072,12832,19404
Ellis,80+ years,7013,3906,3263,4884
Ellis,Unknown,22,17,5,NA
Erath,16-49 years,5197,3389,2047,21724
Erath,50-64 years,4930,2914,2288,6895
Erath,65-79 years,5674,3107,2675,4714
Erath,80+ years,1853,999,887,1542
Erath,Unknown,5,4,2,NA
Falls,16-49 years,1881,1308,687,7454
Falls,50-64 years,2325,1445,970,3369
Falls,65-79 years,2507,1411,1145,2398
Falls,80+ years,807,458,361,828
Falls,Unknown,3,2,1,NA
Fannin,16-49 years,2977,1912,1300,15069
Fannin,50-64 years,4134,2494,2001,7217
Fannin,65-79 years,5441,3020,2682,5027
Fannin,80+ years,1843,1011,893,1561
Fannin,Unknown,2,2,0,NA
Fayette,16-49 years,2395,1650,1039,8774
Fayette,50-64 years,3553,2246,1682,5426
Fayette,65-79 years,5702,3299,2727,4909
Fayette,80+ years,1985,1136,946,1770
Fayette,Unknown,6,6,3,NA
Fisher,16-49 years,295,194,126,1361
Fisher,50-64 years,472,284,231,766
Fisher,65-79 years,675,375,334,645
Fisher,80+ years,245,132,119,316
Floyd,16-49 years,804,480,358,2299
Floyd,50-64 years,933,536,439,1002
Floyd,65-79 years,982,526,475,760
Floyd,80+ years,404,218,191,310
Floyd,Unknown,1,1,0,NA
Foard,16-49 years,126,80,51,382
Foard,50-64 years,260,156,113,265
Foard,65-79 years,244,143,113,211
Foard,80+ years,91,49,45,104
Fort Bend,16-49 years,280038,180750,110315,375365
Fort Bend,50-64 years,175521,103213,77771,147197
Fort Bend,65-79 years,127995,69800,59793,77335
Fort Bend,80+ years,25039,13758,11620,16516
Fort Bend,Unknown,130,114,24,NA
Franklin,16-49 years,714,492,279,3970
Franklin,50-64 years,1136,710,497,2217
Franklin,65-79 years,1768,1025,826,1813
Franklin,80+ years,610,345,289,554
Franklin,Unknown,1,1,1,NA
Freestone,16-49 years,1196,838,495,8038
Freestone,50-64 years,1994,1274,921,3774
Freestone,65-79 years,2723,1580,1285,3030
Freestone,80+ years,880,506,413,966
Freestone,Unknown,2,2,1,NA
Frio,16-49 years,3183,2093,1332,10808
Frio,50-64 years,2556,1610,1200,2814
Frio,65-79 years,2162,1282,1051,1906
Frio,80+ years,579,347,285,593
Frio,Unknown,1,1,1,NA
Gaines,16-49 years,1759,1134,782,9498
Gaines,50-64 years,1527,914,734,3143
Gaines,65-79 years,1091,621,524,1411
Gaines,80+ years,410,236,188,496
Gaines,Unknown,3,2,2,NA
Galveston,16-49 years,89302,54478,36892,151034
Galveston,50-64 years,69644,40456,30607,67259
Galveston,65-79 years,57582,31396,26814,40230
Galveston,80+ years,14580,7990,6735,10757
Galveston,Unknown,35,30,6,NA
Garza,16-49 years,601,407,338,3538
Garza,50-64 years,790,531,479,1068
Garza,65-79 years,688,389,345,498
Garza,80+ years,238,129,111,221
Gillespie,16-49 years,2945,2019,1052,8718
Gillespie,50-64 years,4023,2586,1622,5479
Gillespie,65-79 years,7945,4322,3789,5862
Gillespie,80+ years,2755,1542,1254,2248
Gillespie,Unknown,6,4,2,NA
Glasscock,16-49 years,362,228,182,649
Glasscock,50-64 years,274,168,139,240
Glasscock,65-79 years,202,120,104,160
Glasscock,80+ years,73,43,40,50
Glasscock,Unknown,1,1,0,NA
Goliad,16-49 years,754,468,363,2811
Goliad,50-64 years,1197,709,576,1638
Goliad,65-79 years,1605,871,785,1392
Goliad,80+ years,471,260,230,440
Goliad,Unknown,1,1,0,NA
Gonzales,16-49 years,2999,2031,1367,8482
Gonzales,50-64 years,3276,2044,1667,3883
Gonzales,65-79 years,3278,1827,1647,2658
Gonzales,80+ years,1171,641,580,914
Gray,16-49 years,2579,1569,1120,9489
Gray,50-64 years,2604,1539,1219,3904
Gray,65-79 years,2858,1612,1341,2591
Gray,80+ years,1052,592,493,940
Grayson,16-49 years,15722,10597,6867,56114
Grayson,50-64 years,18235,11553,8780,27225
Grayson,65-79 years,21466,12459,10628,18628
Grayson,80+ years,6200,3617,3016,5554
Grayson,Unknown,37,29,9,NA
Gregg,16-49 years,18047,10961,7529,54085
Gregg,50-64 years,18208,10511,8173,22008
Gregg,65-79 years,18905,10466,8808,14348
Gregg,80+ years,6609,3616,3088,5103
Gregg,Unknown,27,23,6,NA
Grimes,16-49 years,3444,2406,1233,12183
Grimes,50-64 years,4390,2772,1892,5928
Grimes,65-79 years,5414,3103,2529,4055
Grimes,80+ years,1286,730,597,1079
Grimes,Unknown,5,4,1,NA
Guadalupe,16-49 years,32567,22224,13637,76576
Guadalupe,50-64 years,24650,15596,11636,30327
Guadalupe,65-79 years,21170,12353,10235,18405
Guadalupe,80+ years,5369,3181,2546,5209
Guadalupe,Unknown,32,26,6,NA
Hale,16-49 years,4310,2673,1930,15413
Hale,50-64 years,4240,2531,2020,5459
Hale,65-79 years,4027,2262,1955,3441
Hale,80+ years,1363,763,659,1163
Hale,Unknown,1,1,0,NA
Hall,16-49 years,317,205,145,1083
Hall,50-64 years,500,306,248,612
Hall,65-79 years,653,352,327,513
Hall,80+ years,218,122,106,198
Hall,Unknown,6,4,2,NA
Hamilton,16-49 years,999,681,467,3022
Hamilton,50-64 years,1340,838,687,1664
Hamilton,65-79 years,1912,1084,942,1510
Hamilton,80+ years,738,396,364,636
Hamilton,Unknown,2,2,0,NA
Hansford,16-49 years,842,546,487,2239
Hansford,50-64 years,867,518,470,936
Hansford,65-79 years,811,447,415,575
Hansford,80+ years,316,172,155,237
Hardeman,16-49 years,671,406,331,1533
Hardeman,50-64 years,586,351,304,745
Hardeman,65-79 years,849,459,432,671
Hardeman,80+ years,224,121,115,241
Hardeman,Unknown,1,1,0,NA
Hardin,16-49 years,5841,3692,2315,23999
Hardin,50-64 years,6762,4016,2940,11351
Hardin,65-79 years,8688,4793,4042,7561
Hardin,80+ years,2661,1495,1195,2201
Hardin,Unknown,25,21,4,NA
Harris,16-49 years,1261151,856240,468352,2305051
Harris,50-64 years,779831,484014,329956,782721
Harris,65-79 years,566291,320560,256321,408490
Harris,80+ years,136192,76629,62030,105677
Harris,Unknown,533,464,105,NA
Harrison,16-49 years,6154,4006,2752,27600
Harrison,50-64 years,7812,4768,3710,12693
Harrison,65-79 years,8890,5086,4228,8956
Harrison,80+ years,2540,1424,1209,2651
Harrison,Unknown,8,6,4,NA
Hartley,16-49 years,1438,860,586,2708
Hartley,50-64 years,829,468,362,992
Hartley,65-79 years,612,337,279,629
Hartley,80+ years,199,109,90,232
Haskell,16-49 years,772,484,331,2406
Haskell,50-64 years,830,505,390,1159
Haskell,65-79 years,1074,601,498,936
Haskell,80+ years,427,241,193,330
Haskell,Unknown,1,1,0,NA
Hays,16-49 years,67353,46703,24425,121220
Hays,50-64 years,36336,22750,15621,35973
Hays,65-79 years,32551,18690,14970,21472
Hays,80+ years,7333,4222,3331,4715
Hays,Unknown,86,67,24,NA
Hemphill,16-49 years,733,478,422,1604
Hemphill,50-64 years,539,323,299,617
Hemphill,65-79 years,615,333,316,453
Hemphill,80+ years,220,118,103,153
Hemphill,Unknown,1,1,0,NA
Henderson,16-49 years,6191,4066,2431,31210
Henderson,50-64 years,10231,6303,4567,17494
Henderson,65-79 years,14456,8270,6836,14270
Henderson,80+ years,4491,2549,2138,4264
Henderson,Unknown,7,6,1,NA
Hidalgo,16-49 years,316055,205060,123339,405019
Hidalgo,50-64 years,153272,92977,65796,117477
Hidalgo,65-79 years,111012,63334,50264,73054
Hidalgo,80+ years,30339,17560,13491,25274
Hidalgo,Unknown,218,174,50,NA
Hill,16-49 years,3464,2221,1473,14182
Hill,50-64 years,4948,3069,2402,7332
Hill,65-79 years,6345,3645,3145,5855
Hill,80+ years,1988,1135,983,1829
Hill,Unknown,6,6,0,NA
Hockley,16-49 years,3706,2328,1663,10375
Hockley,50-64 years,3459,2021,1698,3971
Hockley,65-79 years,3223,1780,1585,2579
Hockley,80+ years,1107,598,532,874
Hockley,Unknown,3,3,0,NA
Hood,16-49 years,7214,4499,2938,21771
Hood,50-64 years,10403,5995,4685,13006
Hood,65-79 years,16145,8697,7711,11784
Hood,80+ years,5211,2818,2485,3632
Hood,Unknown,13,12,1,NA
Hopkins,16-49 years,3516,2253,1466,15107
Hopkins,50-64 years,4303,2556,1947,7181
Hopkins,65-79 years,5588,3123,2651,5247
Hopkins,80+ years,1944,1077,916,1640
Hopkins,Unknown,11,8,3,NA
Houston,16-49 years,1994,1396,784,9087
Houston,50-64 years,2761,1737,1281,4666
Houston,65-79 years,3832,2231,1828,3764
Houston,80+ years,1265,719,608,1412
Houston,Unknown,3,3,1,NA
Howard,16-49 years,4089,2441,1920,17809
Howard,50-64 years,3680,2126,1768,6922
Howard,65-79 years,3224,1819,1540,3556
Howard,80+ years,1052,590,488,1257
Howard,Unknown,5,4,1,NA
Hudspeth,16-49 years,1371,839,588,2487
Hudspeth,50-64 years,734,414,349,717
Hudspeth,65-79 years,633,345,303,595
Hudspeth,80+ years,125,69,56,180
Hudspeth,Unknown,1,1,0,NA
Hunt,16-49 years,10046,6731,3788,42660
Hunt,50-64 years,11164,6831,4840,19408
Hunt,65-79 years,12453,7007,5789,12210
Hunt,80+ years,3875,2162,1822,3600
Hunt,Unknown,23,14,9,NA
Hutchinson,16-49 years,2437,1457,1042,8839
Hutchinson,50-64 years,2753,1595,1237,3838
Hutchinson,65-79 years,2929,1624,1359,2700
Hutchinson,80+ years,907,511,412,881
Hutchinson,Unknown,2,2,0,NA
Irion,16-49 years,164,105,69,589
Irion,50-64 years,302,170,135,317
Irion,65-79 years,289,152,137,261
Irion,80+ years,88,47,41,67
Irion,Unknown,2,1,1,NA
Jack,16-49 years,985,665,418,4013
Jack,50-64 years,1097,664,520,1702
Jack,65-79 years,1261,681,629,1160
Jack,80+ years,519,274,253,355
Jack,Unknown,1,1,0,NA
Jackson,16-49 years,1842,1250,690,6020
Jackson,50-64 years,2186,1371,901,2685
Jackson,65-79 years,2669,1497,1239,1986
Jackson,80+ years,834,457,385,734
Jackson,Unknown,7,7,1,NA
Jasper,16-49 years,2591,1591,1135,13594
Jasper,50-64 years,4459,2575,2081,7275
Jasper,65-79 years,6067,3328,2958,5562
Jasper,80+ years,1870,1046,874,1625
Jasper,Unknown,2,2,0,NA
Jeff Davis,16-49 years,477,276,217,740
Jeff Davis,50-64 years,608,338,288,628
Jeff Davis,65-79 years,699,372,345,648
Jeff Davis,80+ years,137,73,67,164
Jeff Davis,Unknown,2,1,1,NA
Jefferson,16-49 years,36081,23174,13389,113606
Jefferson,50-64 years,38405,22671,16174,46181
Jefferson,65-79 years,35234,19601,15884,28059
Jefferson,80+ years,11243,6402,4898,9536
Jefferson,Unknown,53,49,5,NA
Jim Hogg,16-49 years,1756,1024,742,2088
Jim Hogg,50-64 years,1133,645,500,813
Jim Hogg,65-79 years,960,514,449,689
Jim Hogg,80+ years,323,173,152,201
Jim Hogg,Unknown,1,1,0,NA
Jim Wells,16-49 years,9658,5719,4220,17399
Jim Wells,50-64 years,8424,4749,3906,6822
Jim Wells,65-79 years,6941,3806,3269,4763
Jim Wells,80+ years,1824,1046,809,1595
Jim Wells,Unknown,13,13,0,NA
Johnson,16-49 years,26445,17006,10153,77352
Johnson,50-64 years,25069,14507,11145,32842
Johnson,65-79 years,24086,13252,11312,19862
Johnson,80+ years,6585,3644,3092,5289
Johnson,Unknown,25,20,5,NA
Jones,16-49 years,1445,931,620,10219
Jones,50-64 years,1774,1111,867,3604
Jones,65-79 years,2305,1340,1103,2374
Jones,80+ years,734,422,356,814
Jones,Unknown,2,1,1,NA
Karnes,16-49 years,2059,1483,830,7992
Karnes,50-64 years,2189,1466,1093,2466
Karnes,65-79 years,2236,1301,1087,1578
Karnes,80+ years,762,437,354,633
Karnes,Unknown,4,3,1,NA
Kaufman,16-49 years,26289,17411,9912,62501
Kaufman,50-64 years,20009,12351,8506,23727
Kaufman,65-79 years,16509,9453,7519,12902
Kaufman,80+ years,4138,2383,1882,3211
Kaufman,Unknown,28,19,9,NA
Kendall,16-49 years,10297,6894,4078,18972
Kendall,50-64 years,9483,5794,4176,9766
Kendall,65-79 years,10158,5736,4751,6989
Kendall,80+ years,2848,1737,1176,2163
Kendall,Unknown,10,7,4,NA
Kenedy,16-49 years,111,65,48,181
Kenedy,50-64 years,123,64,59,72
Kenedy,65-79 years,69,37,33,53
Kenedy,80+ years,18,9,9,15
Kent,16-49 years,74,45,37,252
Kent,50-64 years,88,53,41,162
Kent,65-79 years,144,80,73,128
Kent,80+ years,87,48,41,73
Kerr,16-49 years,5744,3732,2311,18443
Kerr,50-64 years,6480,4067,2683,10581
Kerr,65-79 years,10932,6178,5059,10861
Kerr,80+ years,3798,2181,1717,3908
Kerr,Unknown,8,6,3,NA
Kimble,16-49 years,372,239,167,1458
Kimble,50-64 years,652,389,307,905
Kimble,65-79 years,1121,600,546,982
Kimble,80+ years,332,181,159,306
Kimble,Unknown,1,1,0,NA
King,16-49 years,48,38,13,94
King,50-64 years,36,22,15,60
King,65-79 years,17,10,7,33
King,80+ years,1,1,0,18
Kinney,16-49 years,465,296,184,1538
Kinney,50-64 years,479,310,174,602
Kinney,65-79 years,682,394,296,639
Kinney,80+ years,247,141,111,271
Kinney,Unknown,2,2,0,NA
Kleberg,16-49 years,11125,6405,4916,16066
Kleberg,50-64 years,6593,3626,3067,4076
Kleberg,65-79 years,5352,2871,2549,2987
Kleberg,80+ years,1458,785,691,1059
Kleberg,Unknown,15,13,2,NA
Knox,16-49 years,450,255,220,1362
Knox,50-64 years,602,340,308,710
Knox,65-79 years,612,334,310,526
Knox,80+ years,313,164,154,210
La Salle,16-49 years,2291,1285,1071,4146
La Salle,50-64 years,1494,824,730,1048
La Salle,65-79 years,1166,640,563,766
La Salle,80+ years,274,154,125,252
Lamar,16-49 years,5018,3112,2188,19947
Lamar,50-64 years,6831,3910,3180,9729
Lamar,65-79 years,8145,4436,3953,7339
Lamar,80+ years,2883,1568,1383,2387
Lamar,Unknown,11,9,4,NA
Lamb,16-49 years,1732,1067,810,5149
Lamb,50-64 years,2198,1331,978,2351
Lamb,65-79 years,1778,1012,838,1573
Lamb,80+ years,800,463,373,667
Lampasas,16-49 years,2131,1488,833,8324
Lampasas,50-64 years,2779,1759,1224,4720
Lampasas,65-79 years,3580,2145,1607,3317
Lampasas,80+ years,1066,629,467,1005
Lampasas,Unknown,13,9,4,NA
Lavaca,16-49 years,1788,1215,811,7296
Lavaca,50-64 years,2666,1723,1299,3933
Lavaca,65-79 years,4410,2519,2147,3415
Lavaca,80+ years,1630,928,795,1360
Lavaca,Unknown,9,6,3,NA
Lee,16-49 years,1948,1278,780,6936
Lee,50-64 years,2534,1563,1107,3838
Lee,65-79 years,3140,1777,1473,2469
Lee,80+ years,973,541,459,750
Lee,Unknown,6,6,1,NA
Leon,16-49 years,1136,786,547,6066
Leon,50-64 years,2077,1340,1010,3546
Leon,65-79 years,3432,2025,1675,3346
Leon,80+ years,1041,597,509,988
Leon,Unknown,4,4,1,NA
Liberty,16-49 years,9592,6906,3348,39725
Liberty,50-64 years,9693,6193,3999,15744
Liberty,65-79 years,9317,5398,4296,9234
Liberty,80+ years,2339,1319,1109,2165
Liberty,Unknown,15,13,4,NA
Limestone,16-49 years,2051,1392,853,9618
Limestone,50-64 years,2674,1666,1225,4583
Limestone,65-79 years,3496,1986,1680,3602
Limestone,80+ years,1010,583,469,1068
Limestone,Unknown,2,2,0,NA
Lipscomb,16-49 years,354,206,161,1269
Lipscomb,50-64 years,412,230,211,634
Lipscomb,65-79 years,430,232,212,439
Lipscomb,80+ years,176,95,84,178
Lipscomb,Unknown,2,2,0,NA
Live Oak,16-49 years,1085,647,475,5078
Live Oak,50-64 years,1586,902,730,2444
Live Oak,65-79 years,1823,996,859,1867
Live Oak,80+ years,484,266,229,666
Live Oak,Unknown,8,7,1,NA
Llano,16-49 years,1689,1197,689,5954
Llano,50-64 years,3642,2292,1660,4835
Llano,65-79 years,7105,3974,3393,5995
Llano,80+ years,2274,1278,1078,2124
Llano,Unknown,4,4,1,NA
Loving,16-49 years,21,14,7,76
Loving,50-64 years,22,13,9,30
Loving,65-79 years,8,4,4,23
Loving,80+ years,8,4,4,0
Lubbock,16-49 years,75916,46552,32446,158462
Lubbock,50-64 years,47379,27105,21668,47054
Lubbock,65-79 years,42252,23047,19806,29804
Lubbock,80+ years,12491,7060,5588,9672
Lubbock,Unknown,58,49,10,NA
Lynn,16-49 years,901,547,401,2381
Lynn,50-64 years,963,560,424,1141
Lynn,65-79 years,738,413,340,696
Lynn,80+ years,291,164,130,278
Lynn,Unknown,1,1,0,NA
Madison,16-49 years,1351,1074,402,7147
Madison,50-64 years,1366,931,573,2184
Madison,65-79 years,1739,1017,839,1689
Madison,80+ years,616,356,286,575
Madison,Unknown,1,1,0,NA
Marion,16-49 years,744,471,340,3233
Marion,50-64 years,1341,823,649,2347
Marion,65-79 years,1655,937,799,2121
Marion,80+ years,612,343,290,576
Martin,16-49 years,858,533,366,2494
Martin,50-64 years,727,434,334,983
Martin,65-79 years,571,321,268,499
Martin,80+ years,185,103,84,160
Martin,Unknown,1,1,0,NA
Mason,16-49 years,474,286,218,1406
Mason,50-64 years,704,400,331,865
Mason,65-79 years,1207,641,588,939
Mason,80+ years,441,233,214,311
Mason,Unknown,1,1,1,NA
Matagorda,16-49 years,5710,3664,2303,14764
Matagorda,50-64 years,5927,3642,2566,7092
Matagorda,65-79 years,5940,3366,2740,4899
Matagorda,80+ years,1505,868,673,1492
Matagorda,Unknown,37,37,0,NA
Maverick,16-49 years,17928,13395,5884,27317
Maverick,50-64 years,10833,7632,3765,8286
Maverick,65-79 years,8217,5576,2872,5322
Maverick,80+ years,2085,1512,680,1681
Maverick,Unknown,18,17,4,NA
McCulloch,16-49 years,586,376,245,3020
McCulloch,50-64 years,965,577,440,1623
McCulloch,65-79 years,1509,862,698,1339
McCulloch,80+ years,475,261,222,453
McLennan,16-49 years,46142,30190,19100,120878
McLennan,50-64 years,35080,21365,16145,42175
McLennan,65-79 years,36089,20444,16998,28032
McLennan,80+ years,11443,6576,5293,9696
McLennan,Unknown,67,62,6,NA
McMullen,16-49 years,83,53,37,259
McMullen,50-64 years,135,79,72,168
McMullen,65-79 years,129,69,63,124
McMullen,80+ years,53,30,27,65
Medina,16-49 years,8672,5787,3662,22149
Medina,50-64 years,8665,5388,3899,10357
Medina,65-79 years,8096,4659,3884,6756
Medina,80+ years,1976,1146,929,2001
Medina,Unknown,5,5,2,NA
Menard,16-49 years,264,174,143,622
Menard,50-64 years,382,225,197,469
Menard,65-79 years,600,329,303,509
Menard,80+ years,183,96,90,190
Midland,16-49 years,39104,22491,17401,85837
Midland,50-64 years,24715,13856,11281,26750
Midland,65-79 years,17353,9582,7969,13437
Midland,80+ years,5088,2860,2304,5001
Midland,Unknown,22,18,4,NA
Milam,16-49 years,2548,1595,1028,9483
Milam,50-64 years,3606,2126,1592,4961
Milam,65-79 years,4650,2536,2228,3917
Milam,80+ years,1473,807,698,1328
Milam,Unknown,9,9,0,NA
Mills,16-49 years,477,300,198,1580
Mills,50-64 years,656,391,312,1010
Mills,65-79 years,1108,602,522,1052
Mills,80+ years,421,227,202,364
Mitchell,16-49 years,585,354,245,4330
Mitchell,50-64 years,799,495,325,1369
Mitchell,65-79 years,888,528,377,960
Mitchell,80+ years,291,169,128,299
Montague,16-49 years,1491,975,650,7334
Montague,50-64 years,2397,1458,1084,4094
Montague,65-79 years,3719,2043,1783,3348
Montague,80+ years,1158,621,553,1096
Montague,Unknown,1,1,0,NA
Montgomery,16-49 years,118636,83027,40397,271274
Montgomery,50-64 years,87656,56534,34257,114501
Montgomery,65-79 years,81367,47232,35377,65566
Montgomery,80+ years,19560,11459,8394,15891
Montgomery,Unknown,62,56,7,NA
Moore,16-49 years,5425,3280,2283,9337
Moore,50-64 years,3664,2075,1646,3277
Moore,65-79 years,2405,1305,1124,1792
Moore,80+ years,647,360,296,580
Moore,Unknown,9,7,2,NA
Morris,16-49 years,875,616,343,4656
Morris,50-64 years,1460,969,636,2444
Morris,65-79 years,2137,1258,1020,2016
Morris,80+ years,739,437,356,714
Morris,Unknown,3,2,2,NA
Motley,16-49 years,75,54,25,409
Motley,50-64 years,121,81,42,217
Motley,65-79 years,249,156,97,269
Motley,80+ years,110,63,47,99
Nacogdoches,16-49 years,9236,6646,4097,31335
Nacogdoches,50-64 years,8501,5507,4259,10485
Nacogdoches,65-79 years,9798,5599,4866,7678
Nacogdoches,80+ years,2749,1583,1307,2275
Nacogdoches,Unknown,9,9,0,NA
Navarro,16-49 years,7249,4430,2971,20225
Navarro,50-64 years,8326,4797,3726,9484
Navarro,65-79 years,8640,4711,4050,6659
Navarro,80+ years,2368,1361,1051,1992
Navarro,Unknown,5,4,1,NA
Newton,16-49 years,671,392,304,5491
Newton,50-64 years,1264,705,582,2929
Newton,65-79 years,1714,930,825,2192
Newton,80+ years,486,271,218,686
Newton,Unknown,1,1,0,NA
Nolan,16-49 years,1634,1127,807,5962
Nolan,50-64 years,1939,1286,1057,2622
Nolan,65-79 years,2492,1476,1320,2026
Nolan,80+ years,878,512,454,711
Nolan,Unknown,3,2,2,NA
Nueces,16-49 years,88134,55235,35985,166501
Nueces,50-64 years,65776,38583,29259,63796
Nueces,65-79 years,56219,31294,25910,41317
Nueces,80+ years,14770,8448,6553,12752
Nueces,Unknown,75,63,13,NA
Ochiltree,16-49 years,2008,1125,994,4298
Ochiltree,50-64 years,1215,673,606,1660
Ochiltree,65-79 years,1056,565,518,927
Ochiltree,80+ years,311,164,151,221
Ochiltree,Unknown,8,5,3,NA
Oldham,16-49 years,217,133,92,948
Oldham,50-64 years,293,168,137,464
Oldham,65-79 years,242,136,111,248
Oldham,80+ years,92,50,43,68
Orange,16-49 years,6896,4440,2638,35298
Orange,50-64 years,8870,5339,3836,16060
Orange,65-79 years,10643,6010,4936,10496
Orange,80+ years,3259,1848,1490,3233
Orange,Unknown,11,11,1,NA
Palo Pinto,16-49 years,2403,1575,966,11318
Palo Pinto,50-64 years,3543,2159,1587,5996
Palo Pinto,65-79 years,4804,2677,2279,4625
Palo Pinto,80+ years,1381,772,660,1268
Palo Pinto,Unknown,10,6,4,NA
Panola,16-49 years,1275,849,561,9345
Panola,50-64 years,1940,1257,937,4528
Panola,65-79 years,3029,1800,1482,3566
Panola,80+ years,996,582,479,1023
Panola,Unknown,3,3,0,NA
Parker,16-49 years,21505,13483,8899,59949
Parker,50-64 years,21876,12850,9895,29406
Parker,65-79 years,22633,12435,10697,17707
Parker,80+ years,5932,3276,2756,4624
Parker,Unknown,14,12,2,NA
Parmer,16-49 years,1821,1059,898,4088
Parmer,50-64 years,1530,843,755,1768
Parmer,65-79 years,1166,644,566,1008
Parmer,80+ years,476,253,235,358
Parmer,Unknown,2,2,0,NA
Pecos,16-49 years,4010,2265,1856,7510
Pecos,50-64 years,2752,1519,1328,2666
Pecos,65-79 years,2053,1115,1000,1634
Pecos,80+ years,615,338,286,507
Pecos,Unknown,7,7,0,NA
Polk,16-49 years,3497,2303,1447,20420
Polk,50-64 years,6045,3716,2725,12123
Polk,65-79 years,9343,5209,4402,8473
Polk,80+ years,2902,1603,1362,1260
Polk,Unknown,9,6,3,NA
Potter,16-49 years,17684,11261,6919,53873
Potter,50-64 years,16356,9641,7043,19597
Potter,65-79 years,14447,8002,6608,11378
Potter,80+ years,4956,2882,2125,3825
Potter,Unknown,33,29,5,NA
Presidio,16-49 years,3264,1925,1440,2443
Presidio,50-64 years,2186,1221,1022,1025
Presidio,65-79 years,1962,1053,927,1077
Presidio,80+ years,574,308,270,524
Presidio,Unknown,3,2,1,NA
Rains,16-49 years,643,420,248,4351
Rains,50-64 years,1313,791,575,2803
Rains,65-79 years,2167,1203,997,2479
Rains,80+ years,572,312,270,644
Rains,Unknown,3,2,1,NA
Randall,16-49 years,25372,15717,10892,63316
Randall,50-64 years,20801,11876,9568,23691
Randall,65-79 years,21592,11653,10232,16489
Randall,80+ years,6197,3442,2842,4935
Randall,Unknown,31,24,9,NA
Reagan,16-49 years,628,393,343,1768
Reagan,50-64 years,544,323,288,646
Reagan,65-79 years,406,224,207,325
Reagan,80+ years,111,61,56,102
Real,16-49 years,291,166,132,1096
Real,50-64 years,623,349,288,794
Real,65-79 years,1107,580,541,814
Real,80+ years,271,145,126,239
Red River,16-49 years,788,520,357,4330
Red River,50-64 years,1463,905,726,2591
Red River,65-79 years,2411,1346,1188,2264
Red River,80+ years,678,370,335,780
Red River,Unknown,1,1,0,NA
Reeves,16-49 years,3332,1871,1507,8692
Reeves,50-64 years,2748,1520,1264,2211
Reeves,65-79 years,2004,1039,975,1371
Reeves,80+ years,568,295,275,507
Reeves,Unknown,6,3,3,NA
Refugio,16-49 years,1024,602,452,2547
Refugio,50-64 years,1495,840,691,1419
Refugio,65-79 years,1570,845,750,1198
Refugio,80+ years,504,263,241,419
Refugio,Unknown,1,1,0,NA
Roberts,16-49 years,68,40,32,310
Roberts,50-64 years,75,42,39,169
Roberts,65-79 years,149,79,73,158
Roberts,80+ years,34,17,17,35
Robertson,16-49 years,1673,1145,743,6691
Robertson,50-64 years,2404,1518,1187,3371
Robertson,65-79 years,3007,1724,1472,2571
Robertson,80+ years,874,507,409,841
Robertson,Unknown,3,3,0,NA
Rockwall,16-49 years,31743,21200,12128,47098
Rockwall,50-64 years,21709,13223,9366,19832
Rockwall,65-79 years,16121,8943,7404,10606
Rockwall,80+ years,4043,2293,1806,2789
Rockwall,Unknown,44,33,12,NA
Runnels,16-49 years,1242,743,608,3985
Runnels,50-64 years,1583,902,784,2046
Runnels,65-79 years,2026,1097,996,1590
Runnels,80+ years,750,402,365,563
Runnels,Unknown,3,3,2,NA
Rusk,16-49 years,4142,2813,1623,24301
Rusk,50-64 years,5784,3662,2625,10279
Rusk,65-79 years,7082,4134,3339,7062
Rusk,80+ years,2072,1194,962,2135
Rusk,Unknown,8,5,3,NA
Sabine,16-49 years,446,283,194,3215
Sabine,50-64 years,1438,848,688,2389
Sabine,65-79 years,2440,1338,1185,2477
Sabine,80+ years,822,449,391,790
San Augustine,16-49 years,617,388,256,2688
San Augustine,50-64 years,1299,761,573,1896
San Augustine,65-79 years,1810,996,856,1606
San Augustine,80+ years,663,367,303,621
San Augustine,Unknown,7,7,0,NA
San Jacinto,16-49 years,1532,1036,697,10537
San Jacinto,50-64 years,2986,1838,1428,6419
San Jacinto,65-79 years,4225,2403,2051,5103
San Jacinto,80+ years,1156,641,558,1385
San Jacinto,Unknown,2,1,1,NA
San Patricio,16-49 years,12478,7914,5179,29346
San Patricio,50-64 years,11467,6846,5168,11561
San Patricio,65-79 years,10427,5956,4890,7968
San Patricio,80+ years,2491,1445,1137,2241
San Patricio,Unknown,14,12,2,NA
San Saba,16-49 years,386,292,117,2454
San Saba,50-64 years,545,353,221,1081
San Saba,65-79 years,1014,566,473,1065
San Saba,80+ years,287,170,120,400
San Saba,Unknown,1,1,0,NA
Schleicher,16-49 years,421,240,203,1163
Schleicher,50-64 years,441,247,210,496
Schleicher,65-79 years,577,306,281,475
Schleicher,80+ years,155,80,76,84
Scurry,16-49 years,2298,1403,1102,7481
Scurry,50-64 years,2266,1331,1093,2953
Scurry,65-79 years,2316,1296,1112,1843
Scurry,80+ years,870,484,409,723
Scurry,Unknown,9,8,1,NA
Shackelford,16-49 years,304,179,136,1210
Shackelford,50-64 years,510,289,234,711
Shackelford,65-79 years,603,321,288,511
Shackelford,80+ years,206,113,98,180
Shelby,16-49 years,1698,1141,754,10182
Shelby,50-64 years,2598,1595,1275,4735
Shelby,65-79 years,3143,1771,1537,3427
Shelby,80+ years,1152,644,536,1105
Shelby,Unknown,7,7,2,NA
Sherman,16-49 years,523,325,241,1212
Sherman,50-64 years,421,250,191,620
Sherman,65-79 years,317,185,138,340
Sherman,80+ years,112,64,49,122
Sherman,Unknown,2,2,1,NA
Smith,16-49 years,35813,22145,14445,101823
Smith,50-64 years,32650,18887,14418,41123
Smith,65-79 years,37700,20610,17678,29593
Smith,80+ years,13081,7264,6011,9744
Smith,Unknown,29,25,4,NA
Somervell,16-49 years,1068,668,469,3648
Somervell,50-64 years,1356,826,645,1968
Somervell,65-79 years,1750,990,850,1353
Somervell,80+ years,430,246,200,417
Somervell,Unknown,2,2,0,NA
Starr,16-49 years,27725,17487,13442,29591
Starr,50-64 years,14389,8522,7259,8804
Starr,65-79 years,9719,5402,4889,5528
Starr,80+ years,2728,1553,1373,1842
Starr,Unknown,37,31,10,NA
Stephens,16-49 years,759,499,353,3853
Stephens,50-64 years,945,596,487,1799
Stephens,65-79 years,1418,822,720,1414
Stephens,80+ years,491,274,245,476
Sterling,16-49 years,139,85,56,559
Sterling,50-64 years,192,108,84,230
Sterling,65-79 years,200,113,88,123
Sterling,80+ years,51,30,21,63
Stonewall,16-49 years,139,87,66,450
Stonewall,50-64 years,175,112,90,284
Stonewall,65-79 years,310,168,151,246
Stonewall,80+ years,141,77,68,115
Stonewall,Unknown,2,1,1,NA
Sutton,16-49 years,589,341,257,1489
Sutton,50-64 years,660,370,297,780
Sutton,65-79 years,804,428,385,548
Sutton,80+ years,199,104,97,175
Swisher,16-49 years,704,446,376,3191
Swisher,50-64 years,896,545,471,1268
Swisher,65-79 years,1041,593,529,922
Swisher,80+ years,426,244,204,383
Swisher,Unknown,6,6,0,NA
Tarrant,16-49 years,495217,325383,186156,1000205
Tarrant,50-64 years,360607,211041,158251,372444
Tarrant,65-79 years,266886,145996,124349,192159
Tarrant,80+ years,70795,39154,32443,52352
Tarrant,Unknown,218,173,50,NA
Taylor,16-49 years,26851,15720,11849,65514
Taylor,50-64 years,20397,11444,9574,21612
Taylor,65-79 years,19862,10682,9608,14800
Taylor,80+ years,7088,3862,3347,5331
Taylor,Unknown,23,15,9,NA
Terrell,16-49 years,169,106,66,248
Terrell,50-64 years,206,119,91,136
Terrell,65-79 years,228,130,106,184
Terrell,80+ years,68,41,29,71
Terry,16-49 years,2094,1253,1004,5347
Terry,50-64 years,1995,1149,968,2102
Terry,65-79 years,1706,947,829,1367
Terry,80+ years,558,306,273,491
Terry,Unknown,1,1,1,NA
Throckmorton,16-49 years,237,133,112,484
Throckmorton,50-64 years,275,150,128,318
Throckmorton,65-79 years,289,152,140,315
Throckmorton,80+ years,172,92,80,130
Titus,16-49 years,3337,2391,1082,13894
Titus,50-64 years,3719,2402,1461,5584
Titus,65-79 years,3973,2236,1854,3738
Titus,80+ years,1247,726,553,1107
Titus,Unknown,12,9,5,NA
Tom Green,16-49 years,22138,12815,9824,55411
Tom Green,50-64 years,18318,10088,8580,19716
Tom Green,65-79 years,19552,10520,9172,13854
Tom Green,80+ years,6725,3588,3178,4771
Tom Green,Unknown,5,5,0,NA
Travis,16-49 years,533559,354815,203889,694834
Travis,50-64 years,221144,133967,95449,207999
Travis,65-79 years,149387,84478,68697,104113
Travis,80+ years,34253,19731,15483,25440
Travis,Unknown,285,254,36,NA
Trinity,16-49 years,1029,668,436,4952
Trinity,50-64 years,1858,1142,845,3196
Trinity,65-79 years,2934,1648,1383,3099
Trinity,80+ years,972,532,465,857
Trinity,Unknown,1,1,0,NA
Tyler,16-49 years,1242,801,480,8878
Tyler,50-64 years,2202,1279,986,4190
Tyler,65-79 years,3513,1893,1683,3702
Tyler,80+ years,1143,624,538,1193
Tyler,Unknown,3,3,0,NA
Upshur,16-49 years,2962,1815,1290,16459
Upshur,50-64 years,4351,2602,1962,8727
Upshur,65-79 years,5539,3127,2622,6044
Upshur,80+ years,1676,938,808,1781
Upshur,Unknown,5,5,1,NA
Upton,16-49 years,877,482,398,1562
Upton,50-64 years,609,332,279,631
Upton,65-79 years,485,261,225,395
Upton,80+ years,159,87,73,142
Uvalde,16-49 years,5770,3312,2649,11648
Uvalde,50-64 years,4829,2729,2260,4223
Uvalde,65-79 years,4873,2626,2348,3256
Uvalde,80+ years,1492,831,703,1252
Uvalde,Unknown,5,3,2,NA
Val Verde,16-49 years,10935,7782,4263,22564
Val Verde,50-64 years,7109,4824,2787,6979
Val Verde,65-79 years,6775,4151,2902,5098
Val Verde,80+ years,2137,1313,919,1905
Val Verde,Unknown,25,22,6,NA
Van Zandt,16-49 years,4107,2714,1618,21974
Van Zandt,50-64 years,6165,3868,2721,11747
Van Zandt,65-79 years,8467,4833,4011,8779
Van Zandt,80+ years,2909,1645,1390,2716
Van Zandt,Unknown,2,2,1,NA
Victoria,16-49 years,13336,8771,5066,40036
Victoria,50-64 years,14255,8447,6118,16110
Victoria,65-79 years,15397,8420,7197,11334
Victoria,80+ years,5004,2740,2339,3908
Victoria,Unknown,26,17,11,NA
Walker,16-49 years,9068,6526,3592,40478
Walker,50-64 years,8028,5292,3366,12944
Walker,65-79 years,8957,5295,3942,7906
Walker,80+ years,2532,1456,1138,2143
Walker,Unknown,10,9,2,NA
Waller,16-49 years,7296,5014,2652,27820
Waller,50-64 years,6556,4111,2869,8984
Waller,65-79 years,6115,3489,2812,5213
Waller,80+ years,1354,753,642,1333
Waller,Unknown,11,9,2,NA
Ward,16-49 years,2292,1357,1073,5315
Ward,50-64 years,1923,1086,910,1977
Ward,65-79 years,1569,842,773,1185
Ward,80+ years,451,249,218,444
Ward,Unknown,5,5,0,NA
Washington,16-49 years,4893,3179,1832,14283
Washington,50-64 years,5953,3493,2641,6914
Washington,65-79 years,8053,4415,3765,5653
Washington,80+ years,2780,1563,1257,2236
Washington,Unknown,11,9,2,NA
Webb,16-49 years,118439,77581,47170,130992
Webb,50-64 years,56693,34331,25122,39003
Webb,65-79 years,32274,18237,14967,20633
Webb,80+ years,8008,4677,3598,6288
Webb,Unknown,149,126,41,NA
Wharton,16-49 years,5176,3639,1973,17119
Wharton,50-64 years,5825,3807,2551,7752
Wharton,65-79 years,6454,3831,3014,5317
Wharton,80+ years,2094,1218,960,1922
Wharton,Unknown,21,13,9,NA
Wheeler,16-49 years,508,316,246,1935
Wheeler,50-64 years,643,372,327,978
Wheeler,65-79 years,854,476,433,759
Wheeler,80+ years,297,167,148,243
Wheeler,Unknown,3,3,0,NA
Wichita,16-49 years,18710,12199,8278,62794
Wichita,50-64 years,18396,10880,8861,22983
Wichita,65-79 years,18860,10432,9068,14464
Wichita,80+ years,6121,3516,2765,5390
Wichita,Unknown,10,9,3,NA
Wilbarger,16-49 years,2518,1548,1308,5531
Wilbarger,50-64 years,2267,1356,1212,2409
Wilbarger,65-79 years,2434,1321,1238,1798
Wilbarger,80+ years,680,364,339,623
Wilbarger,Unknown,7,6,1,NA
Willacy,16-49 years,5975,3616,2477,10776
Willacy,50-64 years,3930,2243,1768,3064
Willacy,65-79 years,3383,1862,1566,2290
Willacy,80+ years,1020,569,463,767
Willacy,Unknown,17,14,3,NA
Williamson,16-49 years,195350,132662,72334,287235
Williamson,50-64 years,103190,64497,43029,97996
Williamson,65-79 years,84733,48799,38419,58371
Williamson,80+ years,21389,12500,9513,14831
Williamson,Unknown,111,105,9,NA
Wilson,16-49 years,7390,4891,2977,21389
Wilson,50-64 years,7755,4880,3367,10688
Wilson,65-79 years,6955,4193,3106,6567
Wilson,80+ years,1623,1015,684,1844
Wilson,Unknown,9,8,1,NA
Winkler,16-49 years,1303,810,617,3654
Winkler,50-64 years,1203,681,591,1336
Winkler,65-79 years,863,476,419,738
Winkler,80+ years,235,128,117,226
Winkler,Unknown,3,3,0,NA
Wise,16-49 years,7275,4831,2879,29444
Wise,50-64 years,9278,5671,4222,14680
Wise,65-79 years,9554,5324,4619,8471
Wise,80+ years,2629,1462,1275,2127
Wise,Unknown,4,4,0,NA
Wood,16-49 years,2754,1844,1105,15819
Wood,50-64 years,5538,3451,2494,9659
Wood,65-79 years,10388,5965,5083,9702
Wood,80+ years,3268,1870,1583,2825
Wood,Unknown,7,5,3,NA
Yoakum,16-49 years,1370,932,636,3711
Yoakum,50-64 years,1211,770,583,1391
Yoakum,65-79 years,912,549,438,806
Yoakum,80+ years,280,169,133,227
Yoakum,Unknown,4,4,0,NA
Young,16-49 years,2069,1287,1020,6840
Young,50-64 years,2390,1423,1231,3605
Young,65-79 years,3204,1752,1609,2792
Young,80+ years,1099,612,514,982
Young,Unknown,3,3,0,NA
Zapata,16-49 years,5198,3178,2448,6134
Zapata,50-64 years,2564,1500,1260,1981
Zapata,65-79 years,2110,1175,1037,1415
Zapata,80+ years,563,313,268,451
Zapata,Unknown,13,12,1,NA
Zavala,16-49 years,3069,1797,1300,5421
Zavala,50-64 years,2154,1201,969,1696
Zavala,65-79 years,1883,1023,875,1332
Zavala,80+ years,453,252,202,391
Zavala,Unknown,3,3,0,NA
